證券代碼,TSE 產業別,最近上市日
1101 台泥,01,19620209
1102 亞泥,01,19620618
1103 嘉泥,01,19691127
1104 環泥,01,19710202
1108 幸福,01,19900606
1109 信大,01,19911205
1110 東泥,01,19941022
1201 味全,02,19620209
1203 味王,02,19640824
1210 大成,02,19780520
1213 大飲,02,19810410
1215 卜蜂,02,19870727
1216 統一,02,19871228
1217 愛之味,02,19891028
1218 泰山,02,19891111
1219 福壽,02,19901201
1220 台榮,02,19911120
1225 福懋油,02,19930927
1227 佳格,02,19940409
1229 聯華,02,19760719
1231 聯華食,02,19951102
1232 大統益,02,19960209
1233 天仁,02,19990120
1234 黑松,02,19990312
1235 興泰,02,20000911
1236 宏亞,02,20010919
1256 鮮活果汁-KY,02,20160317
1301 台塑,03,19640727
1303 南亞,03,19671115
1304 台聚,03,19720520
1305 華夏,03,19730305
1307 三芳,03,19851123
1308 亞聚,03,19860620
1309 台達化,03,19860627
1310 台苯,03,19870806
1312 國喬,03,19881221
1313 聯成,03,19890327
1314 中石化,03,19910712
1315 達新,03,19920509
1316 上曜,14,19921015
1319 東陽,12,19941212
1321 大洋,03,19990126
1323 永裕,03,20000911
1324 地球,03,20000911
1325 恒大,03,20000911
1326 台化,03,19841220
1337 再生-KY,03,20110817
1338 廣華-KY,12,20121219
1339 昭輝,12,20120424
1340 勝悅-KY,03,20140114
1341 富林-KY,03,20181224
1342 八貫,20,20201124
1402 遠東新,04,19670414
1409 新纖,04,19731008
1410 南染,04,19731008
1413 宏洲,04,19751227
1414 東和,04,19760205
1416 廣豐,20,19760420
1417 嘉裕,04,19761228
1418 東華,04,19770214
1419 新紡,04,19770314
1423 利華,04,19790402
1432 大魯閣,37,19820726
1434 福懋,04,19851224
1435 中福,20,19871228
1436 華友聯,14,19880411
1437 勤益控,20,19881110
1438 三地開發,14,19881215
1439 雋揚,14,19890522
1440 南紡,04,19891003
1441 大東,04,19891027
1442 名軒,14,19891116
1443 立益物流,20,19900421
1444 力麗,04,19900808
1445 大宇,04,19910205
1446 宏和,04,19911015
1447 力鵬,04,19920128
1449 佳和,04,19920506
1451 年興,04,19921221
1452 宏益,04,19921228
1453 大將,14,19930419
1454 台富,04,19930507
1455 集盛,04,19931007
1456 怡華,14,19931209
1457 宜進,04,19941020
1459 聯發,04,19941026
1460 宏遠,04,19950428
1463 強盛新,04,19961205
1464 得力,04,19970118
1465 偉全,04,19970908
1466 聚隆,04,19980404
1467 南緯,04,19981221
1468 昶和,04,19990121
1470 大統新創,04,19990521
1471 首利,28,20000306
1472 三洋實業,14,20000911
1473 台南,04,20000911
1474 弘裕,04,20001031
1475 業旺,04,20001027
1476 儒鴻,04,20010418
1477 聚陽,04,20030121
1503 士電,05,19691215
1504 東元,05,19731105
1506 正道,05,19800811
1512 瑞利,12,19940128
1513 中興電,05,19940308
1514 亞力,05,19940326
1515 力山,05,19950204
1516 川飛,20,19950401
1517 利奇,05,19951114
1519 華城,05,19970416
1521 大億,12,19971006
1522 堤維西,12,19971006
1524 耿鼎,12,19981030
1525 江申,12,19990515
1526 日馳,05,20000327
1527 鑽全,05,20000621
1528 恩德,05,20000911
1529 樂事綠能,05,20000911
1530 亞崴,05,20000911
1531 高林股,05,20000911
1532 勤美,05,20000911
1533 車王電,12,20010406
1535 中宇,05,20010919
1536 和大,12,20010919
1537 廣隆,05,20020122
1538 正峰,05,20020826
1539 巨庭,05,20021029
1540 喬福,05,20020826
1541 錩泰,05,20030319
1558 伸興,05,20141223
1560 中砂,05,20050131
1563 巧新,12,20240513
1568 倉佑,12,20140514
1582 信錦,28,20091217
1583 程泰,05,20080124
1587 吉茂,12,20180416
1589 永冠-KY,05,20120427
1590 亞德客-KY,05,20101213
1597 直得,05,20201223
1598 岱宇,37,20160920
1603 華電,06,19680603
1604 聲寶,06,19710107
1605 華新,06,19721103
1608 華榮,06,19880711
1609 大亞,06,19881212
1611 中電,06,19900116
1612 宏泰,06,19930508
1614 三洋電,06,19970918
1615 大山,06,20000330
1616 億泰,06,20000911
1617 榮星,06,20000911
1618 合機,06,20000911
1626 艾美特-KY,06,20130321
1702 南僑,02,19731217
1707 葡萄王,22,19821220
1708 東鹼,21,19860616
1709 和益,21,19860703
1710 東聯,21,19871021
1711 永光,21,19881227
1712 興農,21,19891214
1713 國化,21,19900131
1714 和桐,21,19910830
1717 長興,21,19940330
1718 中纖,21,19631202
1720 生達,22,19951212
1721 三晃,21,19960516
1722 台肥,21,19980324
1723 中碳,21,19981127
1725 元禎,21,20000911
1726 永記,21,20000911
1727 中華化,21,20000911
1730 花仙子,21,20010919
1731 美吾華,22,20010919
1732 毛寶,21,20010919
1733 五鼎,22,20010919
1734 杏輝,22,20020826
1735 日勝化,21,20020826
1736 喬山,37,20030109
1737 臺鹽,02,20031118
1752 南光,22,20220119
1760 寶齡富錦,22,20180123
1762 中化生,22,20101220
1773 勝一,21,20090227
1776 展宇,21,20160509
1783 和康生,22,20131220
1786 科妍,22,20131112
1789 神隆,22,20110929
1795 美時,22,20191216
1802 台玻,08,19730720
1805 寶徠,14,19891020
1806 冠軍,08,19920929
1808 潤隆,14,19941026
1809 中釉,08,19960430
1810 和成,08,19911014
1817 凱撒衛,08,20131024
1903 士紙,09,19631209
1904 正隆,09,19710910
1905 華紙,09,19750217
1906 寶隆,09,19760426
1907 永豐餘,09,19770222
1909 榮成,09,19851119
2002 中鋼,10,19741226
2006 東和鋼鐵,10,19880713
2007 燁興,10,19881004
2008 高興昌,10,19881228
2009 第一銅,10,19891020
2010 春源,10,19891222
2012 春雨,10,19911017
2013 中鋼構,10,19920121
2014 中鴻,10,19920220
2015 豐興,10,19920525
2017 官田鋼,10,19921102
2020 美亞,10,19930427
2022 聚亨,10,19950327
2023 燁輝,10,19950728
2024 志聯,10,19951230
2025 千興,10,19960208
2027 大成鋼,10,19961024
2028 威致,10,19961213
2029 盛餘,10,19970111
2030 彰源,10,19981224
2031 新光鋼,10,20000911
2032 新鋼,10,20000911
2033 佳大,10,20000911
2034 允強,10,20010919
2038 海光,10,20081230
2049 上銀,05,20090626
2059 川湖,28,20080625
2062 橋椿,38,20071116
2069 運錩,10,20160322
2101 南港,11,19631101
2102 泰豐,11,19790716
2103 台橡,11,19820925
2104 國際中橡,11,19860715
2105 正新,11,19871207
2106 建大,11,19901220
2107 厚生,11,19920303
2108 南帝,11,19921027
2109 華豐,11,20000508
2114 鑫永銓,11,20101229
2115 六暉-KY,12,20131225
2201 裕隆,12,19760708
2204 中華,12,19910312
2206 三陽工業,12,19960729
2207 和泰車,12,19970225
2208 台船,15,20081222
2211 長榮鋼,10,20210412
2227 裕日車,12,20041221
2228 劍麟,12,20131125
2231 為升,12,20101119
2233 宇隆,12,20190917
2236 百達-KY,12,20150603
2239 英利-KY,12,20160127
2241 艾姆勒,12,20200826
2243 宏旭-KY,12,20170927
2247 汎德永業,12,20201012
2250 IKKA-KY,12,20210531
2301 光寶科,25,19951117
2302 麗正,24,19850115
2303 聯電,24,19850716
2305 全友,25,19881021
2308 台達電,28,19881219
2312 金寶,31,19891107
2313 華通,28,19900724
2314 台揚,27,19900808
2316 楠梓電,28,19910205
2317 鴻海,31,19910618
2321 東訊,27,19911108
2323 中環,26,19920217
2324 仁寶,25,19920218
2327 國巨,28,19931022
2328 廣宇,28,19931109
2329 華泰,24,19940420
2330 台積電,24,19940905
2331 精英,25,19940921
2332 友訊,27,19941017
2337 旺宏,24,19950315
2338 光罩,24,19950417
2340 台亞,24,19950502
2342 茂矽,24,19950919
2344 華邦電,24,19951018
2345 智邦,27,19951115
2347 聯強,29,19951213
2348 海悅,20,19960105
2349 錸德,26,19960423
2351 順德,24,19960425
2352 佳世達,25,19960722
2353 宏碁,25,19960918
2354 鴻準,31,19961008
2355 敬鵬,28,19961014
2356 英業達,25,19961113
2357 華碩,25,19961114
2359 所羅門,31,19961219
2360 致茂,31,19961221
2362 藍天,25,19970402
2363 矽統,24,19970801
2364 倫飛,25,19970811
2365 昆盈,25,19971103
2367 燿華,28,19971213
2368 金像電,28,19980309
2369 菱生,24,19980410
2371 大同,05,19620209
2373 震旦行,31,19910801
2374 佳能,26,19950116
2375 凱美,28,19980829
2376 技嘉,25,19980924
2377 微星,25,19981031
2379 瑞昱,24,19981026
2380 虹光,25,19981203
2382 廣達,25,19990108
2383 台光電,28,19981127
2385 群光,28,19990105
2387 精元,25,19990125
2388 威盛,24,19990305
2390 云辰,31,19990615
2392 正崴,28,19990920
2393 億光,26,19991104
2395 研華,25,19991213
2397 友通,25,20000115
2399 映泰,25,19991216
2401 凌陽,24,20000127
2402 毅嘉,28,20000114
2404 漢唐,31,20000314
2405 輔信,25,20000317
2406 國碩,26,20000429
2408 南亞科,24,20000817
2409 友達,26,20000908
2412 中華電,27,20001027
2413 環科,28,20000911
2414 精技,29,20000911
2415 錩新,28,20000911
2417 圓剛,25,20000911
2419 仲琦,27,20000911
2420 新巨,28,20000911
2421 建準,28,20000911
2423 固緯,31,20000911
2424 隴華,27,20000911
2425 承啟,25,20000911
2426 鼎元,26,20000911
2427 三商電,30,20000911
2428 興勤,28,20000911
2429 銘旺科,26,20000911
2430 燦坤,29,20000911
2431 聯昌,28,20000911
2433 互盛電,31,20000911
2434 統懋,24,20000911
2436 偉詮電,24,20000911
2438 翔耀,26,20000911
2439 美律,27,20000911
2440 太空梭,28,20001110
2441 超豐,24,20001026
2442 新美齊,14,20001122
2444 兆勁,27,20001208
2449 京元電子,24,20010509
2450 神腦,27,20010524
2451 創見,24,20010503
2453 凌群,30,20010522
2454 聯發科,24,20010723
2455 全新,27,20020124
2457 飛宏,28,20010919
2458 義隆,24,20010919
2459 敦吉,31,20010919
2460 建通,28,20010919
2461 光群雷,31,20010919
2462 良得電,28,20010919
2464 盟立,31,20010919
2465 麗臺,25,20010919
2466 冠西電,26,20010919
2467 志聖,28,20010919
2468 華經,30,20010919
2471 資通,30,20010919
2472 立隆電,28,20010919
2474 可成,31,20010919
2476 鉅祥,28,20010919
2477 美隆電,31,20010919
2478 大毅,28,20010919
2480 敦陽科,30,20010919
2481 強茂,24,20010919
2482 連宇,31,20010919
2483 百容,28,20010919
2484 希華,28,20010919
2485 兆赫,27,20010919
2486 一詮,26,20010919
2488 漢平,31,20010919
2489 瑞軒,26,20010919
2491 吉祥全,26,20010919
2492 華新科,28,20010919
2493 揚博,28,20020123
2495 普安,25,20020325
2496 卓越,20,20020308
2497 怡利電,12,20020204
2498 宏達電,27,20020326
2501 國建,14,19650305
2504 國產,14,19780314
2505 國揚,14,19791114
2506 太設,14,19800202
2509 全坤建,14,19880728
2511 太子,14,19910424
2514 龍邦,20,19920926
2515 中工,14,19930302
2516 新建,14,19930525
2520 冠德,14,19931027
2524 京城,14,19941018
2527 宏璟,14,19950306
2528 皇普,14,19950310
2530 華建,14,19951012
2534 宏盛,14,19960212
2535 達欣工,14,19960311
2536 宏普,14,19960314
2537 聯上發,14,19960906
2538 基泰,14,19961101
2539 櫻花建,14,19970716
2540 愛山林,14,19891226
2542 興富發,14,19990503
2543 皇昌,14,19991015
2545 皇翔,14,20000911
2546 根基,14,20000911
2547 日勝生,14,20001222
2548 華固,14,20020826
2597 潤弘,14,20100326
2601 益航,18,19650301
2603 長榮,15,19870921
2605 新興,15,19891208
2606 裕民,15,19901208
2607 榮運,15,19901214
2608 嘉里大榮,15,19901220
2609 陽明,15,19920420
2610 華航,15,19930226
2611 志信,15,19931028
2612 中航,15,19941020
2613 中櫃,15,19950120
2614 東森,20,19950923
2615 萬海,15,19960516
2616 山隆,23,19971108
2617 台航,15,19980624
2618 長榮航,15,20010919
2630 亞航,15,20180222
2633 台灣高鐵,15,20161027
2634 漢翔,15,20140825
2636 台驊控股,15,20161222
2637 慧洋-KY,15,20101201
2642 宅配通,15,20131212
2645 長榮航太,15,20230314
2646 星宇航空,15,20241025
2701 萬企,16,19650322
2702 華園,16,19650601
2704 國賓,16,19821110
2705 六福,16,19881224
2706 第一店,16,19910625
2707 晶華,16,19980309
2712 遠雄來,16,20131203
2722 夏都,16,20120314
2723 美食-KY,16,20101122
2727 王品,16,20120306
2731 雄獅,16,20130924
2739 寒舍,16,20160519
2748 雲品,16,20161123
2753 八方雲集,16,20210909
2762 世界健身-KY,37,20240124
2801 彰銀,17,19620209
2809 京城銀,17,19830720
2812 台中銀,17,19840515
2816 旺旺保,17,19920505
2820 華票,17,19941026
2832 台產,17,19970930
2834 臺企銀,17,19980103
2836 高雄銀,17,19980518
2838 聯邦銀,17,19980629
2845 遠東銀,17,19981127
2849 安泰銀,17,19990927
2850 新產,17,20000522
2851 中再保,17,20000706
2852 第一保,17,20001128
2855 統一證,17,20020916
2867 三商壽,17,20121218
2880 華南金,17,20011219
2881 富邦金,17,20011219
2882 國泰金,17,20011231
2883 凱基金,17,20011228
2884 玉山金,17,20020128
2885 元大金,17,20020204
2886 兆豐金,17,20020204
2887 台新金,17,20020218
2888 新光金,17,20020219
2889 國票金,17,20020326
2890 永豐金,17,20020509
2891 中信金,17,20020517
2892 第一金,17,20030102
2897 王道銀行,17,20170505
2901 欣欣,18,19760507
2903 遠百,18,19781011
2904 匯僑,20,19830105
2905 三商,18,19880919
2906 高林,18,19891226
2908 特力,18,19930218
2910 統領,18,19961230
2911 麗嬰房,18,19970118
2912 統一超,18,19970822
2913 農林,18,19620209
2915 潤泰全,18,19770720
2923 鼎固-KY,14,20121207
2929 淘帝-KY,18,20131230
2939 永邑-KY,18,20180111
2945 三商家購,18,20211130
3002 歐格,25,20020123
3003 健和興,28,20020219
3004 豐達科,10,20020225
3005 神基,25,20020225
3006 晶豪科,24,20020304
3008 大立光,26,20020311
3010 華立,29,20020722
3011 今皓,28,20020722
3013 晟銘電,25,20020916
3014 聯陽,24,20021029
3015 全漢,28,20021016
3016 嘉晶,24,20021224
3017 奇鋐,25,20020927
3018 隆銘綠能,31,20020826
3019 亞光,26,20020826
3021 鴻名,28,20020826
3022 威強電,25,20020826
3023 信邦,28,20020826
3024 憶聲,26,20020826
3025 星通,27,20020826
3026 禾伸堂,28,20020826
3027 盛達,27,20020826
3028 增你強,29,20020826
3029 零壹,30,20020826
3030 德律,31,20021029
3031 佰鴻,26,20020826
3032 偉訓,28,20020826
3033 威健,29,20020826
3034 聯詠,24,20020826
3035 智原,24,20020826
3036 文曄,29,20020826
3037 欣興,28,20020826
3038 全台,26,20020826
3040 遠見,20,20020826
3041 揚智,24,20020826
3042 晶技,28,20020826
3043 科風,31,20020826
3044 健鼎,28,20020826
3045 台灣大,27,20020826
3046 建碁,25,20020826
3047 訊舟,27,20020826
3048 益登,29,20021001
3049 精金,26,20020927
3050 鈺德,26,20021029
3051 力特,26,20021028
3052 夆典,14,19951125
3054 立萬利,02,20021118
3055 蔚華科,29,20021212
3056 富華新,14,20030303
3057 喬鼎,25,20021218
3058 立德,28,20021209
3059 華晶科,26,20021224
3060 銘異,25,20030421
3062 建漢,27,20030728
3090 日電貿,28,20071231
3092 鴻碩,28,20210513
3094 聯傑,24,20070806
3130 一零四,36,20060217
3138 耀登,27,20201211
3149 正達,26,20111123
3164 景岳,22,20100322
3167 大量,05,20131021
3168 眾福科,26,20240326
3189 景碩,24,20041101
3209 全科,29,20081126
3229 晟鈦,28,20091231
3231 緯創,25,20030819
3257 虹冠電,24,20110321
3266 昇陽,14,20141224
3296 勝德,28,20071231
3305 昇貿,31,20080710
3308 聯德,28,20080312
3311 閎暉,27,20040308
3312 弘憶股,29,20101229
3321 同泰,28,20151215
3338 泰碩,28,20131213
3346 麗清,12,20161219
3356 奇偶,26,20050328
3376 新日興,28,20071231
3380 明泰,27,20041220
3406 玉晶光,26,20051220
3413 京鼎,24,20150728
3416 融程電,25,20150123
3419 譁裕,27,20080121
3432 台端,28,20101230
3437 榮創,26,20140709
3443 創意,24,20061103
3447 展達,27,20221215
3450 聯鈞,24,20060412
3454 晶睿,26,20110722
3481 群創,26,20061024
3494 誠研,25,20071213
3501 維熹,28,20070920
3504 揚明光,26,20070126
3515 華擎,25,20071108
3518 柏騰,31,20071128
3528 安馳,29,20160518
3530 晶相光,24,20180716
3532 台勝科,24,20071210
3533 嘉澤,28,20071210
3535 晶彩科,26,20080131
3543 州巧,26,20200415
3545 敦泰,24,20070703
3550 聯穎,28,20101110
3557 嘉威,38,20080227
3563 牧德,26,20190402
3576 聯合再生,26,20090112
3583 辛耘,24,20130312
3588 通嘉,24,20090814
3591 艾笛森,26,20101112
3592 瑞鼎,24,20220107
3593 力銘,28,20090316
3596 智易,27,20090311
3605 宏致,28,20090326
3607 谷崧,28,20091028
3617 碩天,31,20091223
3622 洋華,26,20090325
3645 達邁,28,20111005
3652 精聯,25,20220921
3653 健策,28,20091118
3661 世芯-KY,24,20141028
3665 貿聯-KY,31,20110421
3669 圓展,27,20110825
3673 TPK-KY,26,20101029
3679 新至陞,28,20111005
3686 達能,24,20100720
3694 海華,27,20110503
3701 大眾控,25,20040830
3702 大聯大,29,20051109
3703 欣陸,14,20100408
3704 合勤控,27,20100816
3705 永信,22,20110103
3706 神達,25,20130912
3708 上緯投控,35,20160831
3711 日月光投控,24,20180430
3712 永崴投控,25,20181001
3714 富采,26,20210106
3715 定穎投控,28,20220825
3716 中化控股,22,20240902
4104 佳醫,22,20071231
4106 雃博,22,20041108
4108 懷特,22,20080716
4119 旭富,22,20040107
4133 亞諾法,22,20091228
4137 麗豐-KY,22,20131127
4142 國光生,22,20120503
4148 全宇生技-KY,22,20170608
4155 訊映,22,20171205
4164 承業醫,22,20121024
4190 佐登-KY,22,20151021
4306 炎洲,03,20080121
4414 如興,04,20040906
4426 利勤,04,20111216
4438 廣越,04,20161018
4439 冠星-KY,04,20191205
4440 宜新實業,04,20211025
4526 東台,05,20030915
4532 瑞智,05,20030804
4536 拓凱,37,20131009
4540 全球傳動,05,20180815
4545 銘鈺,28,20160106
4551 智伸科,12,20150810
4552 力達-KY,05,20160720
4555 氣立,05,20151027
4557 永新-KY,12,20151012
4560 強信-KY,05,20170526
4562 穎漢,05,20170821
4564 元翎,05,20190307
4566 時碩工業,05,20180205
4569 六方科-KY,12,20230731
4571 鈞興-KY,05,20190917
4572 駐龍,05,20190910
4576 大銀微系統,05,20190904
4581 光隆精密-KY,12,20200309
4583 台灣精銳,05,20220509
4588 玖鼎電力,31,20240129
4720 德淵,21,20150624
4722 國精化,21,20120815
4736 泰博,22,20231222
4737 華廣,22,20101223
4739 康普,21,20170908
4746 台耀,22,20110301
4755 三福化,21,20131127
4763 材料-KY,21,20151109
4764 雙鍵,21,20180104
4766 南寶,21,20181128
4770 上品,21,20211222
4771 望隼,22,20240318
4807 日成-KY,18,20170626
4904 遠傳,27,20050824
4906 正文,27,20030630
4912 聯德控股-KY,28,20150521
4915 致伸,28,20121005
4916 事欣科,25,20131121
4919 新唐,24,20100927
4927 泰鼎-KY,28,20150908
4930 燦星網,06,20100621
4934 太極,26,20110816
4935 茂林-KY,26,20110728
4938 和碩,25,20100624
4942 嘉彰,26,20110627
4943 康控-KY,28,20161111
4949 有成精密,26,20240509
4952 凌通,24,20111101
4956 光鋐,26,20111024
4958 臻鼎-KY,28,20111226
4960 誠美材,26,20111024
4961 天鈺,24,20181017
4967 十銓,24,20190114
4968 立積,24,20151113
4976 佳凌,26,20121120
4977 眾達-KY,27,20131120
4989 榮科,28,20180628
4994 傳奇,30,20131225
4999 鑫禾,28,20130603
5007 三星,10,20110916
5203 訊連,30,20040927
5215 科嘉-KY,25,20111226
5222 全訊,24,20211025
5225 東科-KY,31,20121105
5234 達興材料,26,20120716
5243 乙盛-KY,26,20131125
5244 弘凱,26,20220119
5258 虹堡,25,20161230
5269 祥碩,24,20121212
5283 禾聯碩,06,20190524
5284 jpp-KY,20,20170309
5285 界霖,24,20140225
5288 豐祥-KY,05,20140925
5292 華懋,35,20231121
5306 桂盟,37,20220308
5388 中磊,27,20071203
5434 崇越,29,20030825
5469 瀚宇博,28,20030825
5471 松翰,24,20030825
5484 慧友,26,20030825
5515 建國,14,20031006
5519 隆大,14,20140210
5521 工信,14,20121218
5522 遠雄,14,20070806
5525 順天,14,20041126
5531 鄉林,14,20050131
5533 皇鼎,14,20080430
5534 長虹,14,20040524
5538 東明-KY,10,20131216
5546 永固-KY,14,20200520
5607 遠雄港,15,20041202
5608 四維航,15,20030825
5706 鳳凰,16,20111021
5871 中租-KY,20,20111213
5876 上海商銀,17,20181019
5880 合庫金,17,20111201
5906 台南-KY,18,20111024
5907 大洋-KY,18,20120606
6005 群益證,17,20051121
6024 群益期,17,20171016
6108 競國,28,20081230
6112 邁達特,30,20030804
6115 鎰勝,28,20040719
6116 彩晶,26,20040906
6117 迎廣,25,20030825
6120 達運,26,20060913
6128 上福,25,20030616
6133 金橋,28,20030825
6136 富爾特,27,20030825
6139 亞翔,31,20030825
6141 柏承,28,20031022
6142 友勁,27,20030804
6152 百一,27,20091208
6153 嘉聯益,28,20080121
6155 鈞寶,28,20060818
6164 華興,26,20081021
6165 浪凡,36,20030804
6166 凌華,25,20041108
6168 宏齊,26,20030825
6176 瑞儀,26,20070515
6177 達麗,14,20130801
6183 關貿,30,20111201
6184 大豐電,20,20050215
6189 豐藝,29,20040524
6191 精成科,28,20071019
6192 巨路,31,20040927
6196 帆宣,31,20040524
6197 佳必琪,28,20041108
6201 亞弘電,31,20040927
6202 盛群,24,20040927
6205 詮欣,28,20080121
6206 飛捷,25,20040803
6209 今國光,26,20041108
6213 聯茂,28,20080121
6214 精誠,30,20101230
6215 和椿,31,20071231
6216 居易,27,20040927
6224 聚鼎,28,20090917
6225 天瀚,26,20040927
6226 光鼎,26,20081110
6230 尼得科超眾,25,20100916
6235 華孚,25,20040823
6239 力成,24,20041108
6243 迅杰,24,20091217
6257 矽格,24,20030825
6269 台郡,28,20030923
6271 同欣電,24,20071116
6277 宏正,25,20031030
6278 台表科,26,20100824
6281 全國電,29,20051208
6282 康舒,28,20030908
6283 淳安,31,20080121
6285 啟碁,27,20030922
6288 聯嘉,12,20180509
6405 悅城,26,20131128
6409 旭隼,31,20140331
6412 群電,28,20131108
6414 樺漢,25,20140328
6415 矽力*-KY,24,20131212
6416 瑞祺電通,27,20180416
6426 統新,27,20210324
6431 光麗-KY,22,20141204
6438 迅得,31,20210119
6442 光聖,27,20150714
6443 元晶,26,20151001
6446 藥華藥,22,20240125
6449 鈺邦,28,20141209
6451 訊芯-KY,24,20150126
6456 GIS-KY,26,20150612
6464 台數科,20,20151216
6472 保瑞,22,20231219
6477 安集,26,20160621
6491 晶碩,22,20191007
6504 南六,20,20130507
6505 台塑化,23,20031226
6515 穎崴,24,20210120
6525 捷敏-KY,24,20160412
6526 達發,24,20231019
6531 愛普*,24,20160531
6533 晶心科,24,20170314
6541 泰福-KY,22,20171026
6550 北極星藥業-KY,22,20220606
6552 易華電,24,20170110
6558 興能高,31,20181205
6573 虹揚-KY,24,20170926
6579 研揚,25,20170821
6581 鋼聯,35,20180130
6582 申豐,11,20170614
6585 鼎基,20,20220520
6591 動力-KY,25,20171228
6592 和潤企業,20,20191209
6598 ABC-KY,22,20200609
6605 帝寶,12,20040317
6606 建德工業,05,20230324
6625 必應,20,20180207
6641 基士德-KY,35,20180921
6655 科定,20,20181128
6657 華安,22,20230612
6658 聯策,31,20231102
6666 羅麗芬-KY,22,20181119
6668 中揚光,26,20181212
6669 緯穎,25,20190327
6670 復盛應用,37,20181218
6671 三能-KY,38,20181211
6672 騰輝電子-KY,28,20190417
6674 鋐寶科技,27,20181128
6689 伊雲谷,36,20220913
6691 洋基工程,31,20220103
6695 芯鼎,24,20221104
6698 旭暉應材,31,20191125
6706 惠特,26,20191219
6715 嘉基,28,20191212
6719 力智,24,20220113
6742 澤米,26,20231205
6743 安普新,31,20201214
6753 龍德造船,15,20230310
6754 匯僑設計,38,20200825
6756 威鋒電子,24,20201224
6757 台灣虎航,15,20241129
6768 志強-KY,37,20210422
6770 力積電,24,20211206
6776 展碁國際,29,20210331
6781 AES-KY,28,20210322
6782 視陽,22,20221128
6789 采鈺,24,20220630
6790 永豐實,09,20210929
6792 詠業,27,20211208
6796 晉弘,22,20220601
6799 來頡,24,20220512
6805 富世達,28,20231109
6806 森崴能源,35,20211115
6807 峰源-KY,38,20220425
6830 汎銓,31,20220831
6834 天二科技,28,20220901
6835 圓裕,28,20221110
6838 台新藥,22,20240813
6861 睿生光電,22,20230327
6862 三集瑞-KY,28,20241023
6863 永道-KY,27,20230321
6869 雲豹能源,35,20240619
6873 泓德能源,35,20240926
6890 來億-KY,37,20240612
6901 鑽石投資,20,20230919
6906 現觀科,36,20240115
6914 阜爾運通,20,20240503
6916 華凌,26,20231205
6919 康霈*,22,20241002
6923 中台,35,20240925
6928 攸泰科技,25,20240516
6933 AMAX-KY,25,20231108
6937 天虹,24,20231212
6952 大武山,20,20240613
6957 裕慶-KY,20,20240625
6958 日盛台駿,20,20240820
6962 ITH-KY,24,20241126
7705 三商餐飲,16,20241126
7722 LINEPAY,36,20241205
8011 台通,27,20110919
8016 矽創,24,20031225
8021 尖點,31,20080121
8028 昇陽半導體,24,20180710
8033 雷虎,20,20070621
8039 台虹,28,20091217
8046 南電,28,20060407
8070 長華*,29,20071231
8072 陞泰,29,20050819
8081 致新,24,20081230
8101 華冠,27,20040701
8103 瀚荃,28,20090929
8104 錸寶,26,20190117
8105 凌巨,26,20061227
8110 華東,24,20071031
8112 至上,29,20071231
8114 振樺電,25,20121126
8131 福懋科,24,20071129
8150 南茂,24,20140411
8163 達方,25,20071128
8201 無敵,31,20071029
8210 勤誠,25,20111201
8213 志超,28,20091225
8215 明基材,26,20101112
8222 寶一,05,20150127
8249 菱光,28,20050517
8261 富鼎,24,20091211
8271 宇瞻,24,20101229
8341 日友,35,20150323
8367 建新國際,15,20180912
8374 羅昇,05,20081225
8404 百和興業-KY,20,20110518
8411 福貞-KY,20,20111101
8422 可寧衛,35,20111005
8429 金麗-KY,18,20121220
8438 昶昕,35,20220311
8442 威宏-KY,20,20161108
8443 阿瘦,18,20140915
8454 富邦媒,36,20141219
8462 柏文,37,20190315
8463 潤泰材,20,20150713
8464 億豐,38,20151222
8466 美吉吉-KY,20,20161101
8467 波力-KY,37,20151215
8473 山林水,35,20160908
8476 台境*,35,20231031
8478 東哥遊艇,37,20171211
8481 政伸,20,20170224
8482 商億-KY,38,20180815
8488 吉源-KY,20,20161213
8499 鼎炫-KY,31,20171124
8926 台汽電,23,20030825
8940 新天地,16,20090515
8996 高力,05,20140214
9103 美德醫療-DR,91,20021213
910322 康師傅-DR,91,20091216
9105 泰金寶-DR,91,20030922
910861 神州-DR,91,20101124
9110 越南控-DR,91,20091203
911608 明輝-DR,91,20101020
911622 泰聚亨-DR,91,20110929
911868 同方友友-DR,91,20091222
912000 晨訊科-DR,91,20110425
9136 巨騰-DR,91,20090525
9802 鈺齊-KY,37,20121018
9902 台火,20,19640714
9904 寶成,37,19900119
9905 大華,20,19900808
9906 欣巴巴,14,19901215
9907 統一實,20,19910129
9908 大台北,23,19910206
9910 豐泰,37,19920218
9911 櫻花,38,19920716
9912 偉聯,25,19920808
9914 美利達,37,19920930
9917 中保科,20,19931208
9918 欣天然,23,19940426
9919 康那香,20,19941104
9921 巨大,37,19941229
9924 福興,38,19950315
9925 新保,20,19951209
9926 新海,23,19980408
9927 泰銘,20,19990312
9928 中視,20,19990809
9929 秋雨,20,19990628
9930 中聯資源,35,19991122
9931 欣高,23,20000321
9933 中鼎,20,19930528
9934 成霖,38,20000911
9935 慶豐富,38,20000911
9937 全國,23,20000911
9938 百和,20,20010112
9939 宏全,20,20010302
9940 信義,20,20010919
9941 裕融,20,20010919
9942 茂順,20,20020128
9943 好樂迪,16,20020826
9944 新麗,20,20020826
9945 潤泰新,20,19920430
9946 三發地產,14,20130917
9955 佳龍,35,20080121
9958 世紀鋼,10,20080312
