證券代碼,年,員工人數 (揭露值),男性人數,女性人數,男性比率%,女性比率%,離平均%
1101 台泥,2021,1146,930,216,81.15,18.85,18.85
1102 亞泥,2021,1723,1511,212,87.7,12.3,12.3
1103 嘉泥,2021,432,215,217,49.77,50.23,49.77
1104 環泥,2021,713,607,106,85.13,14.87,14.87
1108 幸福,2021,452,380,72,84,16,16
1109 信大,2021,344,317,27,92.15,7.85,7.85
1110 東泥,2021,104,91,13,87.5,12.5,12.5
1201 味全,2021,1374,912,462,66.38,33.62,33.62
1203 味王,2021,725,360,365,50.34,49.66,49.66
1210 大成,2021,2585,1674,911,64.76,35.24,35.24
1213 大飲,2021,118,64,54,54,46,46
1215 卜蜂,2021,2193,1147,1046,52.3,47.7,47.7
1216 統一,2021,5461,3343,2118,61.22,38.78,38.78
1217 愛之味,2021,556,254,302,45.68,54.32,45.68
1218 泰山,2021,654,395,259,60.4,39.6,39.6
1219 福壽,2021,601,438,163,72.88,27.12,27.12
1220 台榮,2021,218,156,62,71.56,28.44,28.44
1225 福懋油,2021,230,130,100,56.52,43.48,43.48
1227 佳格,2021,1255,886,369,70.6,29.4,29.4
1229 聯華,2021,322,203,119,63.04,36.96,36.96
1231 聯華食,2021,2106,1181,925,56.08,43.92,43.92
1232 大統益,2021,145,101,44,69.66,30.34,30.34
1233 天仁,2021,1382,480,902,34.73,65.36,34.64
1234 黑松,2021,540,383,157,71,29,29
1235 興泰,2021,20,12,8,60,40,40
1236 宏亞,2021,645,254,391,39.38,60.62,39.38
1256 鮮活果汁-KY,2021,941,407,534,43.25,56.75,43.25
1301 台塑,2021,6461,5824,637,90.14,9.86,9.86
1303 南亞,2021,19400,15239,4161,78.55,21.45,21.45
1304 台聚,2021,465,430,35,92.47,7.53,7.53
1305 華夏,2021,908,823,85,90.6,9.4,9.4
1307 三芳,2021,665,534,131,80.3,19.7,19.7
1308 亞聚,2021,222,210,12,94.59,5.41,5.41
1309 台達化,2021,507,433,74,85.4,14.6,14.6
1310 台苯,2021,187,161,26,86.1,13.9,13.9
1312 國喬,2021,381,352,29,92.39,7.61,7.61
1313 聯成,2021,226,172,54,76.11,23.89,23.89
1314 中石化,2021,1347,1118,229,83,17,17
1316 上曜,2021,77,28,49,36.36,63.64,36.36
1319 東陽,2021,3302,2667,635,80.77,19.23,19.23
1321 大洋,2021,453,402,51,88.74,11.26,11.26
1323 永裕,2021,742,390,352,52.56,47.44,47.44
1326 台化,2021,5157,4464,693,86.56,13.44,13.44
1337 再生-KY,2021,586,,,,,0
1338 廣華-KY,2021,3265,1966,1299,60.21,39.79,39.79
1402 遠東新,2021,21535,10768,10768,50,50,50
1409 新纖,2021,1533,1221,312,80,20,20
1410 南染,2021,170,,,,,0
1413 宏洲,2021,234,176,58,75.21,24.79,24.79
1419 新紡,2021,530,194,336,36.6,63.4,36.6
1434 福懋,2021,7258,4246,3012,58.5,41.5,41.5
1437 勤益控,2021,17,6,11,35.29,64.71,35.29
1440 南紡,2021,1044,808,236,77.39,22.61,22.61
1444 力麗,2021,1054,687,367,65.18,34.82,34.82
1447 力鵬,2021,1280,785,495,61.33,38.67,38.67
1452 宏益,2021,,,,38,62,38
1455 集盛,2021,1230,835,395,67.89,32.11,32.11
1457 宜進,2021,20,9,11,45,55,45
1459 聯發,2021,188,104,84,55.32,44.68,44.68
1460 宏遠,2021,2780,1384,1396,49.78,50.22,49.78
1466 聚隆,2021,350,241,109,68.86,31.14,31.14
1467 南緯,2021,1904,423,1481,22.22,77.78,22.22
1470 大統新創,2021,,,,66.1,33.9,33.9
1473 台南,2021,11353,2222,9131,19.57,80.43,19.57
1474 弘裕,2021,728,364,364,50,50,50
1476 儒鴻,2021,15810,2416,13394,15.28,84.72,15.28
1477 聚陽,2021,36366,6489,29877,17.84,82.16,17.84
1503 士電,2021,1955,1372,583,70.18,29.82,29.82
1504 東元,2021,2180,1518,662,69.63,30.37,30.37
1513 中興電,2021,1678,1360,318,81.05,18.95,18.95
1514 亞力,2021,634,502,132,79.18,20.82,20.82
1519 華城,2021,750,587,163,78.27,21.73,21.73
1521 大億,2021,,,,67.9,32.1,32.1
1522 堤維西,2021,1615,1111,504,68.79,31.21,31.21
1525 江申,2021,320,264,56,83,17,17
1526 日馳,2021,188,116,72,61.7,38.3,38.3
1527 鑽全,2021,738,550,188,74.53,25.47,25.47
1531 高林股,2021,903,698,205,77.3,22.7,22.7
1532 勤美,2021,1803,1448,355,80.31,19.69,19.69
1533 車王電,2021,1040,455,585,43.75,56.25,43.75
1535 中宇,2021,1180,1022,158,86.61,13.39,13.39
1536 和大,2021,1050,831,219,79.14,20.86,20.86
1539 巨庭,2021,132,68,64,51.52,48.48,48.48
1558 伸興,2021,3142,1240,1902,39.47,60.53,39.47
1563 巧新,2021,1490,1252,238,84.03,15.97,15.97
1582 信錦,2021,252,170,82,67.46,32.54,32.54
1589 永冠-KY,2021,2354,2002,352,85.05,14.95,14.95
1590 亞德客-KY,2021,8495,6104,2391,71.85,28.15,28.15
1598 岱宇,2021,640,394,246,61.56,38.44,38.44
1605 華新,2021,6958,5962,996,85.69,14.31,14.31
1608 華榮,2021,439,371,68,84.51,15.49,15.49
1609 大亞,2021,1583,1305,278,82.44,17.56,17.56
1618 合機,2021,209,141,68,67.65,32.35,32.35
1626 艾美特-KY,2021,3318,1871,1447,56.39,43.61,43.61
1702 南僑,2021,4504,1935,2569,42.96,57.04,42.96
1707 葡萄王,2021,607,282,325,46.46,53.54,46.46
1708 東鹼,2021,163,133,30,81.6,18.4,18.4
1709 和益,2021,240,202,38,84.17,15.83,15.83
1710 東聯,2021,329,293,36,89.06,10.94,10.94
1711 永光,2021,1748,1321,427,75.57,24.43,24.43
1712 興農,2021,1365,827,538,60.59,39.41,39.41
1713 國化,2021,86,75,11,87.21,12.79,12.79
1714 和桐,2021,96,63,33,65.63,34.38,34.38
1717 長興,2021,2090,1621,469,77.56,22.44,22.44
1718 中纖,2021,575,484,91,84.17,15.83,15.83
1720 生達,2021,805,350,455,43.48,56.52,43.48
1721 三晃,2021,499,379,120,75.95,24.05,24.05
1722 台肥,2021,644,512,132,79.5,20.5,20.5
1723 中碳,2021,294,256,38,87.07,12.93,12.93
1725 元禎,2021,109,70,39,64.22,35.78,35.78
1726 永記,2021,711,564,147,79.32,20.68,20.68
1727 中華化,2021,255,200,55,78.43,21.57,21.57
1730 花仙子,2021,275,108,167,39.27,60.73,39.27
1732 毛寶,2021,157,77,80,49.04,50.96,49.04
1733 五鼎,2021,691,171,520,24.7,75.3,24.7
1735 日勝化,2021,215,171,44,79.53,20.47,20.47
1736 喬山,2021,1097,,,,,0
1737 臺鹽,2021,484,287,197,59.3,40.7,40.7
1752 南光,2021,662,,,,,0
1760 寶齡富錦,2021,,,246,32.2,67.8,32.2
1762 中化生,2021,330,238,92,72.12,27.88,27.88
1773 勝一,2021,416,340,76,81.73,18.27,18.27
1776 展宇,2021,129,92,37,71.32,28.68,28.68
1786 科妍,2021,,,,45,55,45
1789 神隆,2021,688,482,206,70.1,29.9,29.9
1795 美時,2021,1162,537,625,46.2,53.8,46.2
1802 台玻,2021,4581,3938,643,97.45,15.91,15.91
1806 冠軍,2021,696,,,,,0
1810 和成,2021,1066,815,251,76.45,23.55,23.55
1817 凱撒衛,2021,150,,,,,0
1903 士紙,2021,74,20,54,27.03,72.97,27.03
1904 正隆,2021,6381,4938,1443,77.39,22.61,22.61
1905 華紙,2021,2723,2347,376,86.19,13.81,13.81
1907 永豐餘,2021,10523,7921,2602,75.27,24.73,24.73
1909 榮成,2021,1127,953,174,84.56,15.44,15.44
2002 中鋼,2021,9794,9452,342,96.51,3.49,3.49
2006 東和鋼鐵,2021,1777,1631,146,91.78,8.22,8.22
2007 燁興,2021,449,402,47,89.53,10.47,10.47
2008 高興昌,2021,205,182,23,88.78,11.22,11.22
2009 第一銅,2021,246,224,22,91.06,8.94,8.94
2010 春源,2021,1142,978,164,85.64,14.36,14.36
2012 春雨,2021,576,441,135,76.56,23.44,23.44
2013 中鋼構,2021,466,398,68,85.41,14.59,14.59
2014 中鴻,2021,1163,1060,103,91.14,8.86,8.86
2015 豐興,2021,901,854,47,94.78,5.22,5.22
2017 官田鋼,2021,289,,,,,0
2020 美亞,2021,381,312,69,81.89,18.11,18.11
2022 聚亨,2021,156,84,72,53.85,46.15,46.15
2023 燁輝,2021,1379,1236,143,89.63,10.37,10.37
2025 千興,2021,63,51,12,80.95,19.05,19.05
2027 大成鋼,2021,981,777,204,79.2,20.8,20.8
2028 威致,2021,372,353,19,94.89,5.11,5.11
2029 盛餘,2021,501,444,57,88.62,11.38,11.38
2030 彰源,2021,625,536,89,85.76,14.24,14.24
2031 新光鋼,2021,269,201,68,74.72,25.28,25.28
2049 上銀,2021,4846,4128,718,85.18,14.82,14.82
2059 川湖,2021,1503,908,595,60.41,39.59,39.59
2062 橋椿,2021,1031,637,394,61.78,38.22,38.22
2069 運錩,2021,,,,63.64,36.36,36.36
2101 南港,2021,1098,1001,97,91.17,8.83,8.83
2102 泰豐,2021,473,411,62,86.89,13.11,13.11
2103 台橡,2021,1604,1339,265,83.48,19.79,19.79
2104 國際中橡,2021,434,325,109,74.88,25.12,25.12
2105 正新,2021,9473,7365,2108,77.75,22.25,22.25
2106 建大,2021,1981,1435,546,72.44,27.56,27.56
2108 南帝,2021,317,291,26,91.8,8.2,8.2
2109 華豐,2021,684,442,242,65,35,35
2201 裕隆,2021,1248,1140,108,91.3,8.7,8.7
2204 中華,2021,2048,1792,256,87.5,12.5,12.5
2206 三陽工業,2021,2276,1984,292,87.17,12.83,12.83
2207 和泰車,2021,563,343,220,60.92,39.08,39.08
2208 台船,2021,3129,2909,220,92.97,7.03,7.03
2211 長榮鋼,2021,553,442,111,79.93,20.07,20.07
2227 裕日車,2021,375,276,99,73.6,26.4,26.4
2233 宇隆,2021,,,,47,53,47
2241 艾姆勒,2021,617,425,192,68.88,31.12,31.12
2301 光寶科,2021,40019,22474,17545,56.16,43.84,43.84
2303 聯電,2021,19593,11269,8324,57.52,42.48,42.48
2305 全友,2021,99,59,40,59.6,40.4,40.4
2308 台達電,2021,85593,43585,42008,50.92,49.08,49.08
2312 金寶,2021,55602,25052,30550,45.06,54.94,45.06
2313 華通,2021,19690,11611,8079,58.97,41.03,41.03
2314 台揚,2021,1008,553,455,54.86,45.14,45.14
2316 楠梓電,2021,,,,45,55,45
2317 鴻海,2021,946111,596050,350061,63,37,37
2323 中環,2021,713,461,252,64.66,35.34,35.34
2324 仁寶,2021,91983,58966,33017,64.11,35.89,35.89
2327 國巨,2021,9365,4374,4991,46.71,53.29,46.71
2328 廣宇,2021,5017,2359,2658,47.02,52.98,47.02
2329 華泰,2021,5293,1956,3337,36.95,63.05,36.95
2330 台積電,2021,65152,42088,23064,64.6,35.4,35.4
2331 精英,2021,6328,3676,2652,58.09,41.91,41.91
2332 友訊,2021,555,326,229,58.74,41.26,41.26
2337 旺宏,2021,3809,2243,1566,58.89,41.11,41.11
2338 光罩,2021,320,,,,,0
2340 台亞,2021,961,413,548,42.98,57.02,42.98
2342 茂矽,2021,578,249,329,43.08,56.92,43.08
2344 華邦電,2021,3814,2691,1123,70.56,29.44,29.44
2345 智邦,2021,4436,2333,2103,52.59,47.41,47.41
2347 聯強,2021,1280,736,544,57.5,42.5,42.5
2348 海悅,2021,204,109,95,53.43,46.57,46.57
2349 錸德,2021,583,419,164,71.87,28.13,28.13
2351 順德,2021,1470,1014,456,68.98,31.02,31.02
2352 佳世達,2021,7516,4658,2858,61.16,38.03,38.03
2353 宏碁,2021,7713,4859,2854,63,37,37
2354 鴻準,2021,13249,7659,5590,57.81,42.19,42.19
2355 敬鵬,2021,6100,,,,,0
2356 英業達,2021,18449,11000,7449,59.62,40.38,40.38
2357 華碩,2021,15477,9490,5987,61.32,38.68,38.68
2359 所羅門,2021,298,,,,,0
2360 致茂,2021,1859,1433,426,77.08,22.92,22.92
2362 藍天,2021,1983,1161,822,58.55,41.45,41.45
2363 矽統,2021,188,,,,,0
2364 倫飛,2021,178,,,,,0
2365 昆盈,2021,119,50,69,42.02,57.98,42.02
2367 燿華,2021,4955,2648,2307,53.44,46.56,46.56
2368 金像電,2021,7367,4424,2943,60.05,39.95,39.95
2369 菱生,2021,2477,1070,1407,43.2,56.8,43.2
2371 大同,2021,2585,1916,669,74.12,25.88,25.88
2374 佳能,2021,528,329,199,62.31,37.69,37.69
2376 技嘉,2021,7026,3948,3078,56.19,43.81,43.81
2377 微星,2021,2932,1757,1175,59.92,40.08,40.08
2379 瑞昱,2021,4645,3724,921,80.17,19.83,19.83
2380 虹光,2021,394,,,,,0
2382 廣達,2021,84693,56436,28257,66.64,33.36,33.36
2383 台光電,2021,1035,856,179,82.71,17.29,17.29
2385 群光,2021,16899,7390,9509,43.73,56.27,43.73
2387 精元,2021,20086,11421,8665,56.86,43.14,43.14
2388 威盛,2021,383,248,135,64.75,35.25,35.25
2392 正崴,2021,28294,16300,11994,57.61,42.39,42.39
2393 億光,2021,4998,2690,2308,53.82,46.18,46.18
2395 研華,2021,3186,1834,1352,57.56,42.44,42.44
2397 友通,2021,604,280,324,46.36,53.64,46.36
2401 凌陽,2021,345,234,111,67.83,32.17,32.17
2402 毅嘉,2021,2966,1631,1335,54.99,45.01,45.01
2404 漢唐,2021,850,665,185,78.24,21.76,21.76
2406 國碩,2021,146,105,41,71.92,28.08,28.08
2408 南亞科,2021,3554,2572,982,72.37,27.63,27.63
2409 友達,2021,39480,26523,12957,67.18,32.82,32.82
2412 中華電,2021,20247,14293,5954,70.59,29.41,29.41
2413 環科,2021,728,368,360,50.55,49.45,49.45
2417 圓剛,2021,225,147,78,65.33,34.67,34.67
2419 仲琦,2021,1144,692,452,60.49,39.51,39.51
2420 新巨,2021,1020,508,512,49.8,50.2,49.8
2421 建準,2021,7221,3468,3753,48.03,51.97,48.03
2423 固緯,2021,387,251,136,64.86,35.14,35.14
2428 興勤,2021,,,,50,50,50
2436 偉詮電,2021,,,,60,40,40
2439 美律,2021,6980,3052,3928,43.72,56.28,43.72
2441 超豐,2021,4286,2410,1876,56.23,43.77,43.77
2442 新美齊,2021,59,40,19,67.8,32.2,32.2
2449 京元電子,2021,9472,5668,3804,59.84,40.16,40.16
2450 神腦,2021,2190,954,1236,43.56,56.44,43.56
2451 創見,2021,1246,663,583,53.21,46.79,46.79
2453 凌群,2021,,,,69,31,31
2454 聯發科,2021,18031,14424,3607,80,20,20
2455 全新,2021,267,153,114,57.3,42.7,42.7
2457 飛宏,2021,5931,3470,2461,58.51,41.49,41.49
2458 義隆,2021,1180,708,472,60,40,40
2462 良得電,2021,47,25,22,53.19,46.81,46.81
2464 盟立,2021,1156,860,296,74.39,25.61,25.61
2467 志聖,2021,378,292,86,77.25,22.75,22.75
2474 可成,2021,4397,2905,1492,66.07,33.93,33.93
2480 敦陽科,2021,667,468,199,70.16,29.84,29.84
2481 強茂,2021,1293,486,807,38,62,38
2483 百容,2021,649,264,385,40.68,59.32,40.68
2484 希華,2021,746,237,509,31.77,68.23,31.77
2486 一詮,2021,846,515,331,60.87,39.13,39.13
2488 漢平,2021,1066,380,686,35.65,64.35,35.65
2489 瑞軒,2021,4415,2834,1581,64.19,35.81,35.81
2491 吉祥全,2021,,,,74,26,26
2492 華新科,2021,8060,4364,3696,54.14,45.86,45.86
2498 宏達電,2021,2178,1290,888,59.23,40.77,40.77
2501 國建,2021,1130,440,690,38.94,61.06,38.94
2504 國產,2021,615,496,119,80.65,19.35,19.35
2505 國揚,2021,62,28,34,45.16,54.84,45.16
2506 太設,2021,,,,56,44,44
2509 全坤建,2021,52,,,,,0
2511 太子,2021,259,145,114,55.98,44.02,44.02
2514 龍邦,2021,26,12,14,46.15,53.85,46.15
2515 中工,2021,854,562,292,65.81,34.19,34.19
2520 冠德,2021,90,53,37,58.89,41.11,41.11
2528 皇普,2021,58,35,23,60.34,39.66,39.66
2530 華建,2021,36,17,19,47.22,52.78,47.22
2534 宏盛,2021,84,47,37,55.95,44.05,44.05
2535 達欣工,2021,576,470,106,81.6,18.4,18.4
2536 宏普,2021,29,16,13,55.17,44.83,44.83
2538 基泰,2021,42,,,,,0
2539 櫻花建,2021,64,47,17,73.44,26.56,26.56
2542 興富發,2021,292,123,169,42.12,57.88,42.12
2545 皇翔,2021,57,25,32,43.86,56.14,43.86
2546 根基,2021,524,373,151,71.18,28.82,28.82
2547 日勝生,2021,230,124,106,53.91,46.09,46.09
2601 益航,2021,1385,600,785,43.32,56.68,43.32
2603 長榮,2021,2237,1591,646,71.12,28.88,28.88
2605 新興,2021,259,244,15,94.21,5.79,5.79
2606 裕民,2021,963,913,50,94.81,5.19,5.19
2607 榮運,2021,1033,910,123,88.09,11.91,11.91
2608 嘉里大榮,2021,4409,3919,490,88.89,11.11,11.11
2609 陽明,2021,2141,,,,,0
2610 華航,2021,12405,6331,6074,51.04,48.96,48.96
2614 東森,2021,1362,552,810,40.53,59.47,40.53
2615 萬海,2021,4599,3025,1574,65.78,34.22,34.22
2617 台航,2021,,,,80,20,20
2618 長榮航,2021,10336,3886,6450,37.6,62.4,37.6
2630 亞航,2021,1112,959,153,86.24,13.76,13.76
2633 台灣高鐵,2021,4668,3074,1594,65.85,34.15,34.15
2634 漢翔,2021,6772,5333,1439,78.75,21.25,21.25
2636 台驊控股,2021,1833,685,1148,37.37,62.63,37.37
2637 慧洋-KY,2021,163,59,104,36.2,63.8,36.2
2642 宅配通,2021,2180,1663,517,76.28,23.72,23.72
2645 長榮航太,2021,2982,,,,,0
2704 國賓,2021,817,432,385,52.88,47.12,47.12
2705 六福,2021,,,,47,53,47
2707 晶華,2021,1066,497,569,46.62,53.38,46.62
2712 遠雄來,2021,313,152,161,48.56,51.44,48.56
2722 夏都,2021,437,184,253,42,58,42
2723 美食-KY,2021,1480,705,775,47.64,52.36,47.64
2727 王品,2021,8843,4330,4513,48.97,51.03,48.97
2739 寒舍,2021,1500,747,753,49.8,50.2,49.8
2748 雲品,2021,841,412,429,48.99,51.01,48.99
2753 八方雲集,2021,1333,719,614,53.94,46.06,46.06
2801 彰銀,2021,6610,2345,4265,35.48,64.52,35.48
2809 京城銀,2021,1040,427,613,41.06,58.94,41.06
2812 台中銀,2021,2778,1216,1562,43.77,56.23,43.77
2816 旺旺保,2021,1116,512,604,45.88,54.12,45.88
2820 華票,2021,154,103,51,66.88,33.12,33.12
2832 台產,2021,918,404,514,44.01,55.99,44.01
2834 臺企銀,2021,5352,2434,2918,45.48,54.52,45.48
2836 高雄銀,2021,1090,538,552,49.36,50.64,49.36
2838 聯邦銀,2021,4272,1637,2635,38.32,61.68,38.32
2845 遠東銀,2021,2603,1045,1558,40.15,59.85,40.15
2849 安泰銀,2021,1468,582,886,39.65,60.35,39.65
2850 新產,2021,1684,960,724,57.01,42.99,42.99
2851 中再保,2021,148,62,86,41.89,58.11,41.89
2852 第一保,2021,864,458,406,53,47,47
2855 統一證,2021,1428,528,900,36.97,63.03,36.97
2867 三商壽,2021,12258,4647,7611,37.91,62.09,37.91
2880 華南金,2021,10379,4033,6346,38.86,61.14,38.86
2881 富邦金,2021,35743,13618,22125,38.1,61.9,38.1
2882 國泰金,2021,46919,14437,32482,30.77,69.23,30.77
2883 凱基金,2021,24468,9192,15276,37.57,62.43,37.57
2884 玉山金,2021,9262,4152,5110,44.83,55.17,44.83
2885 元大金,2021,14405,5882,8523,40.83,59.17,40.83
2886 兆豐金,2021,9244,5438,3806,58.83,41.17,41.17
2887 台新金,2021,9956,4016,5940,40.34,59.66,40.34
2888 新光金,2021,20315,5715,14600,28.13,71.87,28.13
2889 國票金,2021,1484,631,853,42.52,57.48,42.52
2890 永豐金,2021,9115,3470,5645,38.07,61.93,38.07
2891 中信金,2021,16508,6505,10003,39.41,60.59,39.41
2892 第一金,2021,9969,3953,6016,39.65,60.35,39.65
2897 王道銀行,2021,963,481,482,49.95,50.05,49.95
2903 遠百,2021,3990,1733,2257,43.43,56.57,43.43
2905 三商,2021,9304,3773,5531,40.55,59.45,40.55
2906 高林,2021,292,68,224,23.29,76.71,23.29
2908 特力,2021,4431,1897,2534,42.81,57.19,42.81
2910 統領,2021,78,27,51,45,55,45
2912 統一超,2021,8348,3662,4686,43.87,56.13,43.87
2913 農林,2021,331,188,143,56.8,43.2,43.2
2915 潤泰全,2021,283,56,227,19.79,80.21,19.79
2923 鼎固-KY,2021,301,154,147,51.16,48.84,48.84
2945 三商家購,2021,3656,1466,2190,40.1,59.9,40.1
3003 健和興,2021,723,420,303,58.09,41.91,41.91
3004 豐達科,2021,599,463,136,77.3,22.7,22.7
3005 神基,2021,9461,5771,3690,61,39,39
3006 晶豪科,2021,498,350,148,70.28,29.72,29.72
3008 大立光,2021,7131,3779,3352,52.99,47.01,47.01
3010 華立,2021,418,235,183,56.22,43.78,43.78
3011 今皓,2021,688,,,,,0
3013 晟銘電,2021,5008,3130,1878,62.5,37.5,37.5
3014 聯陽,2021,419,339,80,80.91,19.09,19.09
3015 全漢,2021,6166,2198,3968,35.65,64.35,35.65
3017 奇鋐,2021,10585,5878,4707,55.53,44.47,44.47
3019 亞光,2021,972,482,490,49.59,50.41,49.59
3023 信邦,2021,4253,1718,2535,40.4,59.6,40.4
3024 憶聲,2021,67,40,27,59.7,40.3,40.3
3026 禾伸堂,2021,1049,460,589,43.85,56.15,43.85
3027 盛達,2021,157,75,82,47.77,52.23,47.77
3028 增你強,2021,,,,57.8,42.2,42.2
3030 德律,2021,582,497,85,85.4,14.6,14.6
3032 偉訓,2021,2638,,,,,0
3033 威健,2021,490,280,210,57.14,42.86,42.86
3034 聯詠,2021,2603,2195,408,84.33,15.67,15.67
3035 智原,2021,600,422,178,70.33,29.67,29.67
3036 文曄,2021,2564,1521,1043,59.32,40.68,40.68
3037 欣興,2021,28297,17197,11100,60.77,39.23,39.23
3038 全台,2021,1027,384,643,37.39,62.61,37.39
3042 晶技,2021,1153,461,692,39.98,60.02,39.98
3044 健鼎,2021,23525,15012,8513,63.81,36.19,36.19
3045 台灣大,2021,5830,2990,2840,51.29,48.71,48.71
3048 益登,2021,408,238,170,58.33,41.67,41.67
3049 精金,2021,300,176,124,58.67,41.33,41.33
3050 鈺德,2021,203,112,91,55.17,44.83,44.83
3052 夆典,2021,106,54,52,50.94,49.06,49.06
3054 立萬利,2021,,,,48,52,48
3056 富華新,2021,,,,58.88,41.12,41.12
3062 建漢,2021,944,520,424,55.08,44.92,44.92
3094 聯傑,2021,74,52,22,70.27,29.73,29.73
3130 一零四,2021,817,329,488,40.27,59.73,40.27
3138 耀登,2021,125,71,54,56.8,43.2,43.2
3149 正達,2021,352,,,,,0
3167 大量,2021,253,175,78,69.17,30.83,30.83
3189 景碩,2021,5575,3391,2184,60.83,39.17,39.17
3209 全科,2021,222,,,,,0
3231 緯創,2021,62831,42867,19964,68.23,31.77,31.77
3296 勝德,2021,129,,,,,0
3311 閎暉,2021,1517,677,840,44.62,55.38,44.62
3356 奇偶,2021,,,,69,31,31
3376 新日興,2021,2347,1173,1174,49.98,50.02,49.98
3380 明泰,2021,3040,,,,,0
3406 玉晶光,2021,,,,61.49,38.51,38.51
3413 京鼎,2021,2310,1845,465,79.87,20.13,20.13
3416 融程電,2021,384,213,171,55.47,44.53,44.53
3437 榮創,2021,882,284,598,33.4,66.6,33.4
3443 創意,2021,797,582,215,73.02,26.98,26.98
3447 展達,2021,907,354,553,39.03,60.97,39.03
3454 晶睿,2021,982,498,484,50.71,49.29,49.29
3481 群創,2021,52571,31260,21311,59.46,40.54,40.54
3504 揚明光,2021,2237,,,,,0
3515 華擎,2021,315,196,119,62.22,37.78,37.78
3532 台勝科,2021,1413,1340,73,94.83,5.17,5.17
3533 嘉澤,2021,8452,4863,3589,57.54,42.46,42.46
3545 敦泰,2021,898,737,161,86.91,18.99,18.99
3550 聯穎,2021,85,47,38,54.9,45.1,45.1
3557 嘉威,2021,1035,550,485,53.14,46.86,46.86
3576 聯合再生,2021,1749,931,818,53.23,46.77,46.77
3592 瑞鼎,2021,,,,79,21,21
3596 智易,2021,5584,2815,2769,50.41,49.59,49.59
3605 宏致,2021,632,345,287,54.59,45.41,45.41
3607 谷崧,2021,,,,87.24,12.76,12.76
3645 達邁,2021,426,365,61,85.68,14.32,14.32
3652 精聯,2021,,,,65,35,35
3653 健策,2021,,,,59.8,40.2,40.2
3665 貿聯-KY,2021,12439,5996,6443,48.2,51.8,48.2
3669 圓展,2021,530,290,240,54.72,45.28,45.28
3673 TPK-KY,2021,,,,61,39,39
3679 新至陞,2021,,,,46,54,46
3694 海華,2021,1600,960,640,60,40,40
3702 大聯大,2021,4816,2597,2219,53.92,46.08,46.08
3703 欣陸,2021,1917,1552,365,81,19,19
3704 合勤控,2021,3562,2045,1517,57.41,42.59,42.59
3705 永信,2021,1329,677,652,50.94,49.06,49.06
3706 神達,2021,7126,,,,,0
3708 上緯投控,2021,220,149,71,67.73,32.27,32.27
3711 日月光投控,2021,95077,50155,44922,52.75,47.25,47.25
3712 永崴投控,2021,2815,1801,1014,63.98,36.02,36.02
3714 富采,2021,5361,2691,2670,50.2,49.8,49.8
3715 定穎投控,2021,4869,2758,2111,56.64,43.36,43.36
4104 佳醫,2021,197,97,100,49.24,50.76,49.24
4106 雃博,2021,650,,,,,0
4119 旭富,2021,206,162,44,78.64,21.36,21.36
4142 國光生,2021,509,308,201,60.51,39.49,39.49
4164 承業醫,2021,212,124,88,58.49,41.51,41.51
4306 炎洲,2021,1255,912,343,72.67,27.33,27.33
4414 如興,2021,25618,,,,,0
4438 廣越,2021,19806,,,,,0
4526 東台,2021,689,603,86,87.52,12.48,12.48
4532 瑞智,2021,316,243,73,76.9,23.1,23.1
4540 全球傳動,2021,1091,859,232,78.74,21.26,21.26
4555 氣立,2021,209,124,85,59.33,40.67,40.67
4566 時碩工業,2021,,,,73.7,26.3,26.3
4572 駐龍,2021,,,,72,28,28
4576 大銀微系統,2021,647,476,171,73.57,26.43,26.43
4583 台灣精銳,2021,653,588,65,90.05,9.95,9.95
4720 德淵,2021,229,160,69,69.87,30.13,30.13
4722 國精化,2021,310,261,49,84.19,15.81,15.81
4739 康普,2021,167,133,34,79.64,20.36,20.36
4746 台耀,2021,,,,72,28,28
4755 三福化,2021,367,294,73,80,20,20
4763 材料-KY,2021,373,244,129,65.42,34.58,34.58
4764 雙鍵,2021,134,85,49,63.43,36.57,36.57
4766 南寶,2021,666,512,154,768.77,23.12,23.12
4770 上品,2021,396,253,143,63.89,36.11,36.11
4904 遠傳,2021,5934,2932,3002,49.41,50.59,49.41
4906 正文,2021,1082,544,538,50.28,49.72,49.72
4915 致伸,2021,10706,5830,4876,54.46,45.54,45.54
4916 事欣科,2021,682,,,,,0
4919 新唐,2021,1467,823,644,56.1,43.9,43.9
4927 泰鼎-KY,2021,8666,3703,4963,42.73,57.27,42.73
4938 和碩,2021,161836,112570,49266,69.56,30.44,30.44
4949 有成精密,2021,261,166,95,63.6,36.4,36.4
4952 凌通,2021,224,161,63,71.88,28.12,28.12
4958 臻鼎-KY,2021,42820,28056,14764,65.52,34.48,34.48
4960 誠美材,2021,1035,647,388,33.53,37.49,37.49
4961 天鈺,2021,560,431,129,76.96,23.04,23.04
4968 立積,2021,298,214,84,71.8,28.2,28.2
4989 榮科,2021,227,205,22,90.31,9.69,9.69
4994 傳奇,2021,536,,,,,0
5203 訊連,2021,,,,67.9,32.1,32.1
5225 東科-KY,2021,,,,58,42,42
5258 虹堡,2021,366,204,162,55.74,44.26,44.26
5269 祥碩,2021,246,196,50,79.67,20.33,20.33
5285 界霖,2021,310,177,133,57.1,42.9,42.9
5288 豐祥-KY,2021,4956,3617,1339,72.98,27.02,27.02
5306 桂盟,2021,254,117,137,46.06,53.94,46.06
5388 中磊,2021,4471,2521,1950,56.36,43.61,43.61
5434 崇越,2021,511,327,184,63.99,36.01,36.01
5469 瀚宇博,2021,681,417,264,61.23,38.77,38.77
5471 松翰,2021,317,232,85,73.19,26.81,26.81
5515 建國,2021,384,267,117,69.53,30.47,30.47
5521 工信,2021,169,123,46,72.78,27.22,27.22
5522 遠雄,2021,153,80,73,52.29,47.71,47.71
5525 順天,2021,50,21,29,42,58,42
5531 鄉林,2021,149,73,76,48.99,51.01,48.99
5533 皇鼎,2021,44,21,23,47.73,52.27,47.73
5538 東明-KY,2021,1146,775,371,67.63,32.37,32.37
5546 永固-KY,2021,341,,,,,0
5608 四維航,2021,723,672,51,92.95,7.05,7.05
5871 中租-KY,2021,7787,4194,3593,53.86,46.14,46.14
5876 上海商銀,2021,2732,1271,1461,46.52,53.48,46.52
5880 合庫金,2021,9526,3884,5642,40.77,59.23,40.77
5907 大洋-KY,2021,,,,43,57,43
6005 群益證,2021,2069,769,1300,37.17,62.83,37.17
6024 群益期,2021,292,159,133,54.45,45.55,45.55
6112 邁達特,2021,569,300,269,52.72,47.28,47.28
6116 彩晶,2021,3475,2026,1449,58,42,42
6117 迎廣,2021,682,395,287,57.92,42.08,42.08
6120 達運,2021,7556,5063,2493,67,33,33
6128 上福,2021,456,109,347,23.9,76.1,23.9
6136 富爾特,2021,,,,45.95,54.05,45.95
6142 友勁,2021,703,304,399,43.24,56.76,43.24
6152 百一,2021,,,,70,30,30
6153 嘉聯益,2021,2349,1038,1311,44.19,55.81,44.19
6166 凌華,2021,1063,620,443,58.33,41.67,41.67
6176 瑞儀,2021,16484,10969,5515,66.5,33.5,33.5
6177 達麗,2021,226,148,78,65.49,34.51,34.51
6183 關貿,2021,676,391,285,57.84,42.16,42.16
6184 大豐電,2021,82,30,52,36.59,63.41,36.59
6189 豐藝,2021,374,177,197,47.33,52.67,47.33
6191 精成科,2021,8185,5012,3173,61.23,38.77,38.77
6196 帆宣,2021,737,536,201,72.7,27.3,27.3
6202 盛群,2021,443,344,99,77.65,22.35,22.35
6205 詮欣,2021,,,,43,57,43
6206 飛捷,2021,408,215,193,52.7,47.3,47.3
6213 聯茂,2021,3340,2233,1107,66.86,33.14,33.14
6214 精誠,2021,3746,2256,1490,60.22,39.78,39.78
6215 和椿,2021,205,,,,,0
6235 華孚,2021,,,,69,31,31
6239 力成,2021,13416,7126,6290,53.12,46.88,46.88
6257 矽格,2021,2429,1227,1202,50.51,49.49,49.49
6269 台郡,2021,2671,1377,1294,51.55,48.45,48.45
6271 同欣電,2021,2688,1047,1641,38.95,61.05,38.95
6277 宏正,2021,699,381,318,54.51,45.49,45.49
6278 台表科,2021,11086,,,,,0
6282 康舒,2021,7938,4514,3424,56.87,43.13,43.13
6285 啟碁,2021,10736,6219,4517,57.93,42.07,42.07
6288 聯嘉,2021,1000,437,563,43.7,56.3,43.7
6409 旭隼,2021,3048,1966,1082,64.5,35.5,35.5
6412 群電,2021,8886,4454,4432,50.12,49.88,49.88
6414 樺漢,2021,175,107,68,61.14,38.86,38.86
6416 瑞祺電通,2021,250,132,118,52.8,47.2,47.2
6426 統新,2021,210,,,,,0
6442 光聖,2021,423,190,233,45,55,45
6443 元晶,2021,1366,850,516,62.23,37.77,37.77
6446 藥華藥,2021,233,110,123,47.21,52.79,47.21
6456 GIS-KY,2021,15561,9748,5813,62.64,37.36,37.36
6464 台數科,2021,755,445,310,58.94,41.06,41.06
6472 保瑞,2021,786,413,373,52.54,47.46,47.46
6477 安集,2021,246,151,95,69.91,38.62,38.62
6491 晶碩,2021,1815,770,1045,42.42,57.58,42.42
6505 台塑化,2021,5274,4798,476,90.97,9.03,9.03
6515 穎崴,2021,634,366,268,57.73,42.27,42.27
6525 捷敏-KY,2021,,,,54,46,46
6531 愛普*,2021,129,71,58,55.04,44.96,44.96
6533 晶心科,2021,231,188,43,81.39,18.61,18.61
6541 泰福-KY,2021,172,84,88,48.84,51.16,48.84
6550 北極星藥業-KY,2021,112,56,56,50,50,50
6573 虹揚-KY,2021,78,23,55,29.49,70.51,29.49
6579 研揚,2021,499,292,207,58.52,41.48,41.48
6581 鋼聯,2021,97,84,13,86.6,13.4,13.4
6582 申豐,2021,214,178,36,83.18,16.82,16.82
6591 動力-KY,2021,,,,37.28,62.72,37.28
6592 和潤企業,2021,943,369,574,39.13,60.87,39.13
6641 基士德-KY,2021,,,,64,36,36
6668 中揚光,2021,880,551,329,62.61,37.39,37.39
6669 緯穎,2021,4725,2913,1812,61.65,38.35,38.35
6670 復盛應用,2021,13590,,,,,0
6674 鋐寶科技,2021,194,134,60,69.07,30.93,30.93
6689 伊雲谷,2021,348,189,159,54.31,45.69,45.69
6691 洋基工程,2021,397,279,118,70.28,29.72,29.72
6695 芯鼎,2021,,,,82,18,18
6706 惠特,2021,,,,56.02,43.98,43.98
6715 嘉基,2021,997,459,538,46.04,53.96,46.04
6743 安普新,2021,,,,65,35,35
6754 匯僑設計,2021,,,,51,49,49
6756 威鋒電子,2021,191,,,,,0
6757 台灣虎航,2021,646,289,357,44.74,55.26,44.74
6768 志強-KY,2021,6495,1928,4567,29.68,70.32,29.68
6770 力積電,2021,7481,4558,2923,60.93,39.07,39.07
6789 采鈺,2021,1380,766,614,55.51,44.49,44.49
6790 永豐實,2021,1415,974,441,68.83,31.17,31.17
6805 富世達,2021,784,451,333,57.53,42.47,42.47
6806 森崴能源,2021,80,45,35,56.25,43.75,43.75
6830 汎銓,2021,337,191,146,56.68,43.32,43.32
6873 泓德能源,2021,146,85,61,58.22,41.78,41.78
6923 中台,2021,153,112,41,73.2,26.8,26.8
6952 大武山,2021,168,91,77,54.17,45.83,45.83
8011 台通,2021,,,,71.13,28.87,28.87
8016 矽創,2021,347,246,101,70.89,29.11,29.11
8021 尖點,2021,720,442,278,61.39,38.61,38.61
8028 昇陽半導體,2021,807,,,,,0
8039 台虹,2021,868,665,203,76.61,23.39,23.39
8046 南電,2021,6094,4056,2038,66.56,33.44,33.44
8070 長華*,2021,2145,1303,842,60.75,39.25,39.25
8081 致新,2021,,,,72,28,28
8103 瀚荃,2021,180,94,86,52.22,47.78,47.78
8105 凌巨,2021,2109,1092,1017,51.78,48.22,48.22
8110 華東,2021,2320,1100,1220,47.41,52.59,47.41
8112 至上,2021,196,138,58,70.41,29.59,29.59
8114 振樺電,2021,314,135,179,42.99,57.01,42.99
8131 福懋科,2021,2386,1240,1146,51.97,48.03,48.03
8150 南茂,2021,5540,2529,3011,45.65,54.35,45.65
8163 達方,2021,10451,5480,4971,52.44,47.56,47.56
8201 無敵,2021,111,66,45,59.46,40.54,40.54
8210 勤誠,2021,2378,1419,959,59.67,40.33,40.33
8215 明基材,2021,2552,1584,968,62.07,37.93,37.93
8249 菱光,2021,,,,57,43,43
8261 富鼎,2021,,,,42,58,42
8271 宇瞻,2021,536,260,276,48.51,51.49,48.51
8341 日友,2021,359,287,72,80,20,20
8404 百和興業-KY,2021,3741,1698,2043,45.39,54.61,45.39
8411 福貞-KY,2021,648,432,216,66.67,33.33,33.33
8422 可寧衛,2021,157,113,44,71.97,28.03,28.03
8443 阿瘦,2021,430,58,372,13.49,86.51,13.49
8454 富邦媒,2021,2771,1012,1759,36.52,63.48,36.52
8464 億豐,2021,12387,6070,6317,49,51,49
8467 波力-KY,2021,870,421,449,48.39,51.61,48.39
8473 山林水,2021,787,587,200,74.59,25.41,25.41
8926 台汽電,2021,128,91,37,71.09,28.91,28.91
8940 新天地,2021,357,165,192,46.22,53.78,46.22
8996 高力,2021,487,348,139,71.46,28.54,28.54
9110 越南控-DR,2021,1116,886,230,79.39,20.61,20.61
911622 泰聚亨-DR,2021,754,506,248,67.11,32.89,32.89
911868 同方友友-DR,2021,703,291,412,41.39,58.61,41.39
912000 晨訊科-DR,2021,1651,979,672,59.3,40.7,40.7
9136 巨騰-DR,2021,32717,18660,14057,57.03,42.97,42.97
9802 鈺齊-KY,2021,24773,6428,18345,25.95,74.05,25.95
9902 台火,2021,,,,60,40,40
9904 寶成,2021,320740,72167,248574,22.5,77.5,22.5
9907 統一實,2021,1126,1014,112,90.05,9.95,9.95
9908 大台北,2021,255,173,82,67.84,32.16,32.16
9910 豐泰,2021,138310,51325,86985,37.1,62.9,37.1
9911 櫻花,2021,993,621,372,62,38,38
9917 中保科,2021,2441,1992,449,81.61,18.39,18.39
9919 康那香,2021,,,,48.16,51.84,48.16
9921 巨大,2021,12941,,,,,0
9924 福興,2021,1330,616,714,46,54,46
9925 新保,2021,1778,1469,309,82.6,17.4,17.4
9926 新海,2021,165,124,41,75.15,24.85,24.85
9930 中聯資源,2021,271,249,22,91.88,8.12,8.12
9933 中鼎,2021,2668,1992,676,74.66,25.34,25.34
9934 成霖,2021,2182,1221,961,55.96,44.04,44.04
9938 百和,2021,5299,2325,2974,43.88,56.12,43.88
9939 宏全,2021,1428,1096,332,76.75,23.25,23.25
9940 信義,2021,5092,3078,2014,60.45,39.55,39.55
9941 裕融,2021,680,242,438,35.59,64.41,35.59
9943 好樂迪,2021,,,,46.4,53.6,46.4
9945 潤泰新,2021,248,85,163,34.27,65.73,34.27
9958 世紀鋼,2021,322,241,81,74.84,25.16,25.16
1101 台泥,2022,1173,941,232,80.22,19.78,19.78
1102 亞泥,2022,1750,1530,220,87.43,12.57,12.57
1103 嘉泥,2022,444,216,228,48.65,51.35,48.65
1104 環泥,2022,497,403,94,81.09,18.91,18.91
1108 幸福,2022,459,376,83,82,18,18
1109 信大,2022,342,313,29,91.52,8.48,8.48
1110 東泥,2022,104,92,12,88.46,11.54,11.54
1201 味全,2022,1419,902,517,63.57,36.43,36.43
1203 味王,2022,713,356,357,49.93,50.07,49.93
1210 大成,2022,2903,1926,977,66.35,33.65,33.65
1213 大飲,2022,144,82,62,57,43,43
1215 卜蜂,2022,2226,1174,1052,52.74,47.26,47.26
1216 統一,2022,5578,3415,2163,61.22,38.78,38.78
1217 愛之味,2022,567,243,324,42.86,57.14,42.86
1218 泰山,2022,700,422,278,60.29,39.71,39.71
1219 福壽,2022,594,427,167,71.89,28.11,28.11
1220 台榮,2022,208,145,63,69.71,30.29,30.29
1225 福懋油,2022,236,131,105,55.51,44.49,44.49
1227 佳格,2022,1327,914,413,68.88,31.12,31.12
1229 聯華,2022,326,213,113,65.34,34.66,34.66
1231 聯華食,2022,2327,1038,1289,44.61,55.39,44.61
1232 大統益,2022,146,101,45,69.18,30.82,30.82
1233 天仁,2022,1366,501,865,36.68,63.32,36.68
1234 黑松,2022,544,383,161,70.4,29.6,29.6
1235 興泰,2022,17,10,7,58.82,41.18,41.18
1236 宏亞,2022,759,312,447,41.11,58.89,41.11
1256 鮮活果汁-KY,2022,969,429,540,44.27,55.73,44.27
1301 台塑,2022,6379,5745,634,90.06,9.94,9.94
1303 南亞,2022,18389,14616,3773,79.48,20.52,20.52
1304 台聚,2022,453,422,31,93.16,6.84,6.84
1305 華夏,2022,896,810,86,90.4,9.6,9.6
1307 三芳,2022,580,464,116,80,20,20
1308 亞聚,2022,234,222,12,94.87,5.13,5.13
1309 台達化,2022,502,432,70,86.06,13.94,13.94
1310 台苯,2022,196,169,27,86.22,13.78,13.78
1312 國喬,2022,392,359,33,91.58,8.42,8.42
1313 聯成,2022,219,167,52,76.26,23.74,23.74
1314 中石化,2022,1233,1029,204,83.45,16.55,16.55
1316 上曜,2022,72,28,44,38.89,61.11,38.89
1319 東陽,2022,3483,2817,666,80.88,19.12,19.12
1321 大洋,2022,454,406,48,89.43,10.57,10.57
1323 永裕,2022,710,377,333,53.1,46.9,46.9
1326 台化,2022,5166,4452,714,86.18,13.82,13.82
1337 再生-KY,2022,576,401,175,69.62,30.38,30.38
1338 廣華-KY,2022,2382,1416,966,59.45,40.55,40.55
1402 遠東新,2022,21949,10975,10975,50,50,50
1409 新纖,2022,1498,1172,326,78.24,21.76,21.76
1413 宏洲,2022,230,174,56,75.65,24.35,24.35
1414 東和,2022,228,110,118,48.25,51.75,48.25
1416 廣豐,2022,121,,,,,0
1419 新紡,2022,562,208,354,37.01,62.99,37.01
1434 福懋,2022,7429,4341,3088,58.43,41.57,41.57
1437 勤益控,2022,17,5,12,29.41,70.59,29.41
1440 南紡,2022,1023,794,229,77.61,22.39,22.39
1442 名軒,2022,42,24,18,57.14,42.86,42.86
1444 力麗,2022,1065,696,369,65.35,34.65,34.65
1447 力鵬,2022,1270,791,479,62.28,37.72,37.72
1451 年興,2022,9523,3242,6281,34.04,65.96,34.04
1452 宏益,2022,,,,37,63,37
1455 集盛,2022,1261,850,411,67.41,32.59,32.59
1457 宜進,2022,358,246,112,68.72,31.28,31.28
1459 聯發,2022,193,117,76,60.62,39.38,39.38
1460 宏遠,2022,2696,1321,1375,49,51,49
1464 得力,2022,840,378,462,45,55,45
1466 聚隆,2022,355,244,111,68.73,31.27,31.27
1467 南緯,2022,1875,416,1459,22.19,77.81,22.19
1470 大統新創,2022,,,93,64,36,36
1472 三洋實業,2022,100,52,48,52,48,48
1473 台南,2022,13549,,,,,0
1476 儒鴻,2022,18800,3075,15725,16.36,83.64,16.36
1477 聚陽,2022,34798,6345,28453,18.23,81.77,18.23
1503 士電,2022,2069,1444,625,69.79,30.21,30.21
1504 東元,2022,4552,3064,1488,67.31,32.69,32.69
1506 正道,2022,248,166,82,66.94,33.06,33.06
1513 中興電,2022,1746,1406,340,80.53,19.47,19.47
1514 亞力,2022,747,619,128,19.78,19.78,19.78
1515 力山,2022,724,504,220,69.61,30.39,30.39
1517 利奇,2022,712,319,393,44.8,55.2,44.8
1519 華城,2022,775,591,184,76.26,23.74,23.74
1521 大億,2022,,,,67,33,33
1522 堤維西,2022,1607,1118,489,69.57,30.43,30.43
1525 江申,2022,348,290,58,83.33,16.67,16.67
1526 日馳,2022,183,118,65,64.48,35.52,35.52
1527 鑽全,2022,711,513,198,72.15,27.85,27.85
1529 樂事綠能,2022,61,,,,,0
1531 高林股,2022,593,428,165,72.18,27.82,27.82
1532 勤美,2022,1769,1409,360,79.65,20.35,20.35
1533 車王電,2022,919,409,510,44.5,55.5,44.5
1535 中宇,2022,1200,1032,168,86,14,14
1536 和大,2022,1124,900,224,80.07,19.93,19.93
1558 伸興,2022,2330,920,1410,39.48,60.52,39.48
1560 中砂,2022,1771,1141,630,64.43,35.57,35.57
1563 巧新,2022,1532,1310,222,85.51,14.49,14.49
1582 信錦,2022,241,155,86,64.32,35.68,35.68
1589 永冠-KY,2022,2285,1951,334,85.38,14.62,14.62
1590 亞德客-KY,2022,8547,6201,2346,72.55,27.45,27.45
1597 直得,2022,,,,62.68,27.32,27.32
1598 岱宇,2022,616,386,230,62.66,37.34,37.34
1604 聲寶,2022,1028,685,343,66.63,33.37,33.37
1605 華新,2022,6888,5848,1040,84.9,15.1,15.1
1608 華榮,2022,434,365,69,84.1,15.9,15.9
1609 大亞,2022,1566,1287,279,82.18,17.82,17.82
1611 中電,2022,157,,,,,0
1612 宏泰,2022,379,293,86,77.31,22.69,22.69
1614 三洋電,2022,1101,925,176,84.01,15.99,15.99
1626 艾美特-KY,2022,2737,1613,1124,58.93,41.07,41.07
1702 南僑,2022,4641,2029,2612,43.72,56.28,43.72
1707 葡萄王,2022,637,304,333,47.72,52.28,47.72
1708 東鹼,2022,175,142,33,81.14,18.86,18.86
1709 和益,2022,333,287,46,86.19,13.81,13.81
1710 東聯,2022,365,324,41,88.77,11.23,11.23
1711 永光,2022,1820,1380,440,75.82,24.18,24.18
1712 興農,2022,1378,835,543,60.6,39.4,39.4
1713 國化,2022,83,73,10,87.95,12.05,12.05
1714 和桐,2022,102,68,34,66.67,33.33,33.33
1717 長興,2022,4866,3706,1160,76.16,23.84,23.84
1718 中纖,2022,555,465,90,83.78,16.22,16.22
1720 生達,2022,778,336,442,43.19,56.81,43.19
1721 三晃,2022,521,402,119,77.16,22.84,22.84
1722 台肥,2022,633,504,129,79.62,20.38,20.38
1723 中碳,2022,312,271,41,86.86,13.14,13.14
1725 元禎,2022,112,77,35,68.75,31.25,31.25
1726 永記,2022,728,572,156,78.57,21.43,21.43
1727 中華化,2022,261,206,55,78.93,21.07,21.07
1730 花仙子,2022,308,131,177,42.53,57.47,42.53
1731 美吾華,2022,,,,30,70,30
1732 毛寶,2022,161,78,83,48.45,51.55,48.45
1733 五鼎,2022,772,210,562,27.2,72.8,27.2
1735 日勝化,2022,215,172,43,80,20,20
1736 喬山,2022,1286,881,405,68.51,31.49,31.49
1737 臺鹽,2022,479,280,199,58.46,41.54,41.54
1760 寶齡富錦,2022,,,260,32.3,67.7,32.3
1762 中化生,2022,358,263,95,73.46,26.54,26.54
1773 勝一,2022,423,346,77,78.46,17.46,17.46
1776 展宇,2022,123,87,36,70.73,29.27,29.27
1786 科妍,2022,,,,44,56,44
1789 神隆,2022,675,466,209,69.04,30.96,30.96
1795 美時,2022,1058,628,430,59.36,40.64,40.64
1802 台玻,2022,3979,3344,635,84.04,15.96,15.96
1806 冠軍,2022,698,535,163,76.65,23.35,23.35
1808 潤隆,2022,267,162,105,60.67,39.33,39.33
1810 和成,2022,1058,821,237,77.6,22.4,22.4
1817 凱撒衛,2022,156,79,77,50.64,49.36,49.36
1903 士紙,2022,77,21,56,27.27,72.73,27.27
1904 正隆,2022,6715,5218,1497,77.71,28.69,28.69
1905 華紙,2022,2865,2440,425,85.17,14.83,14.83
1907 永豐餘,2022,10189,7703,2486,75.6,24.4,24.4
1909 榮成,2022,1157,980,177,84.7,15.3,15.3
2002 中鋼,2022,9668,9324,344,96.44,3.54,3.54
2006 東和鋼鐵,2022,1938,1767,171,91.18,8.82,8.82
2007 燁興,2022,426,378,48,88.73,11.27,11.27
2008 高興昌,2022,219,194,25,88.58,11.42,11.42
2009 第一銅,2022,236,213,23,90.25,9.75,9.75
2010 春源,2022,1114,946,168,84.92,15.08,15.08
2012 春雨,2022,587,452,135,77,23,23
2013 中鋼構,2022,463,395,68,85.31,14.69,14.69
2014 中鴻,2022,1140,1038,102,91.05,8.95,8.95
2015 豐興,2022,948,899,49,94.83,5.17,5.17
2017 官田鋼,2022,282,,,,,0
2020 美亞,2022,372,305,67,81.99,18.01,18.01
2022 聚亨,2022,119,68,51,57.14,42.86,42.86
2023 燁輝,2022,1406,1260,146,89.62,10.38,10.38
2025 千興,2022,54,42,12,77.78,22.22,22.22
2027 大成鋼,2022,1045,812,233,77.7,22.3,22.3
2028 威致,2022,381,361,20,94.75,5.25,5.25
2029 盛餘,2022,503,440,63,87.48,12.52,12.52
2030 彰源,2022,624,538,86,86.22,13.78,13.78
2031 新光鋼,2022,274,212,62,77.37,22.63,22.63
2034 允強,2022,810,699,111,86.3,13.7,13.7
2049 上銀,2022,4714,3970,744,84.22,84.22,15.78
2059 川湖,2022,1520,936,584,61.58,38.42,38.42
2062 橋椿,2022,982,632,350,64.36,35.64,35.64
2069 運錩,2022,,,,65.87,34.13,34.13
2101 南港,2022,1920,1647,273,85.78,14.22,14.22
2102 泰豐,2022,451,393,58,87.14,11.81,11.81
2103 台橡,2022,1628,1346,282,82.68,17.32,17.32
2104 國際中橡,2022,664,519,145,78.16,21.84,21.84
2105 正新,2022,18034,12980,5054,71.98,28.02,28.02
2106 建大,2022,11038,6635,4403,60.11,39.89,39.89
2107 厚生,2022,195,148,47,75.9,24.1,24.1
2108 南帝,2022,310,284,26,91.61,8.39,8.39
2109 華豐,2022,626,401,225,64,36,36
2115 六暉-KY,2022,1244,764,480,61.41,38.59,38.59
2201 裕隆,2022,1155,1040,115,90.04,9.96,9.96
2204 中華,2022,2066,1785,281,86.4,13.6,13.6
2206 三陽工業,2022,2392,2088,304,87.29,12.71,12.71
2207 和泰車,2022,563,341,222,60.57,39.43,39.43
2208 台船,2022,2936,2749,187,93.63,6.37,6.37
2211 長榮鋼,2022,566,443,123,78.27,21.73,21.73
2227 裕日車,2022,367,262,105,71.39,28.61,28.61
2233 宇隆,2022,,,,44,56,44
2248 華勝-KY,2022,,,,49.75,50.25,49.75
2301 光寶科,2022,32230,17491,14739,54.3,45.7,45.7
2303 聯電,2022,20910,12173,8737,58.22,41.78,41.78
2305 全友,2022,90,56,34,62.22,37.78,37.78
2308 台達電,2022,85684,42304,43380,49.37,50.63,49.37
2312 金寶,2022,54091,24745,29346,45.75,54.25,45.75
2313 華通,2022,20995,12577,8418,59.9,40.1,40.1
2314 台揚,2022,958,523,435,54.59,45.41,45.41
2316 楠梓電,2022,,,,45,55,45
2317 鴻海,2022,925890,,,,,0
2323 中環,2022,669,430,239,64.28,35.72,35.72
2324 仁寶,2022,63134,38597,24537,61.14,38.86,38.86
2327 國巨,2022,8614,3860,4754,44.81,55.19,44.81
2328 廣宇,2022,5267,2397,2870,0.46,0.54,0.54
2329 華泰,2022,4990,1837,3153,36.81,63.19,36.81
2330 台積電,2022,73677,48261,25416,65.5,34.5,34.5
2331 精英,2022,3592,2027,1565,56.43,43.57,43.57
2332 友訊,2022,515,283,232,54.95,45.05,45.05
2337 旺宏,2022,3948,2363,1585,59.85,40.15,40.15
2338 光罩,2022,373,215,158,57.64,42.36,42.36
2340 台亞,2022,790,329,461,41.65,58.35,41.65
2342 茂矽,2022,599,267,332,44.57,55.43,44.57
2344 華邦電,2022,4226,2940,1286,69.57,30.43,30.43
2345 智邦,2022,4602,2411,2191,52.39,47.61,47.61
2347 聯強,2022,1267,742,525,58.56,41.44,41.44
2348 海悅,2022,192,93,99,48.44,51.56,48.44
2349 錸德,2022,536,380,156,70.9,29.1,29.1
2351 順德,2022,1500,1036,464,69.07,30.93,30.93
2352 佳世達,2022,6924,4451,2473,64.28,35.72,35.72
2353 宏碁,2022,7725,4824,2901,62.45,37.55,37.55
2354 鴻準,2022,10605,6286,4319,59.27,40.73,40.73
2355 敬鵬,2022,6860,3764,3096,54.87,45.13,45.13
2356 英業達,2022,19639,11752,7887,59.84,40.16,40.16
2357 華碩,2022,16340,10048,6292,61.49,38.51,38.51
2359 所羅門,2022,302,,,,,0
2360 致茂,2022,1964,1519,445,77.34,22.66,22.66
2362 藍天,2022,1855,1017,838,54.82,45.18,45.18
2363 矽統,2022,204,,,,,0
2365 昆盈,2022,102,41,61,40.2,59.8,40.2
2367 燿華,2022,5066,2730,2336,53.89,46.11,46.11
2368 金像電,2022,6547,3891,2656,59.43,40.57,40.57
2369 菱生,2022,2291,1086,1205,47.4,52.6,47.4
2371 大同,2022,2500,1850,650,74,26,26
2373 震旦行,2022,997,698,299,70.01,29.99,29.99
2374 佳能,2022,508,316,192,62.2,37.8,37.8
2376 技嘉,2022,7269,4282,2987,58.91,41.09,41.09
2377 微星,2022,3047,1840,1207,60.39,39.61,39.61
2379 瑞昱,2022,4943,3977,966,80.46,19.54,19.54
2380 虹光,2022,389,222,167,57.07,42.93,42.93
2382 廣達,2022,62097,40324,21773,64.94,35.06,35.06
2383 台光電,2022,3712,3005,707,80.95,19.05,19.05
2385 群光,2022,16437,7030,9407,42.77,57.23,42.77
2387 精元,2022,8187,4067,4120,49.68,50.32,49.68
2388 威盛,2022,368,235,133,63.86,36.14,36.14
2392 正崴,2022,28364,15429,12935,54.4,45.6,45.6
2393 億光,2022,3954,2214,1740,55.99,44.01,44.01
2395 研華,2022,3488,1942,1546,55.68,44.32,44.32
2397 友通,2022,661,297,364,44.93,55.07,44.93
2401 凌陽,2022,350,235,115,67.14,32.86,32.86
2402 毅嘉,2022,3114,1672,1442,53.69,46.31,46.31
2404 漢唐,2022,911,704,207,77.28,22.72,22.72
2405 輔信,2022,198,122,76,61.62,38.38,38.38
2406 國碩,2022,154,112,42,72.73,27.27,27.27
2408 南亞科,2022,3738,2710,1028,72.5,27.5,27.5
2409 友達,2022,36702,24212,12490,65.97,34.03,34.03
2412 中華電,2022,20067,14063,6004,70.08,29.92,29.92
2413 環科,2022,787,353,434,44.85,55.15,44.85
2417 圓剛,2022,209,135,74,64.59,35.41,35.41
2419 仲琦,2022,1362,799,563,58.66,41.34,41.34
2420 新巨,2022,917,440,477,48,52,48
2421 建準,2022,6868,3159,3709,46,54,46
2423 固緯,2022,389,260,129,66.84,33.16,33.16
2425 承啟,2022,,,,53,47,47
2426 鼎元,2022,730,213,517,29.18,70.82,29.18
2427 三商電,2022,787,591,196,75.1,24.9,24.9
2428 興勤,2022,,,,50,50,50
2433 互盛電,2022,,,,96.5,3.5,3.5
2436 偉詮電,2022,,,,60,40,40
2439 美律,2022,5438,2407,3031,44.26,55.74,44.26
2440 太空梭,2022,,,,76.42,23.58,23.58
2441 超豐,2022,4187,1841,2346,43.97,56.03,43.97
2442 新美齊,2022,67,43,24,64.18,35.82,35.82
2449 京元電子,2022,9445,5687,3758,60.21,39.79,39.79
2450 神腦,2022,2141,923,1218,43.11,75.78,24.22
2451 創見,2022,992,497,495,50.1,49.9,49.9
2453 凌群,2022,,,,69,31,31
2454 聯發科,2022,18993,15474,3519,81.47,18.53,18.53
2455 全新,2022,303,190,113,62.71,37.29,37.29
2457 飛宏,2022,4065,2106,1959,51.81,48.19,48.19
2458 義隆,2022,1143,704,439,61.59,38.41,38.41
2459 敦吉,2022,,,,68.12,31.88,31.88
2462 良得電,2022,46,25,21,54.35,45.65,45.65
2464 盟立,2022,1245,934,311,75.02,24.98,24.98
2467 志聖,2022,385,292,93,75.84,24.16,24.16
2468 華經,2022,365,,,,,0
2472 立隆電,2022,,,,52.09,47.91,47.91
2474 可成,2022,3942,2486,1456,63.06,36.94,36.94
2478 大毅,2022,764,434,330,60.73,43.19,43.19
2480 敦陽科,2022,687,479,208,69.72,30.28,30.28
2481 強茂,2022,1541,597,944,38.74,61.26,38.74
2483 百容,2022,680,252,428,37.06,62.94,37.06
2484 希華,2022,740,248,492,33.51,66.49,33.51
2485 兆赫,2022,1211,475,736,39.22,60.78,39.22
2486 一詮,2022,812,494,318,60.84,39.16,39.16
2488 漢平,2022,891,310,581,34.79,65.21,34.79
2489 瑞軒,2022,2146,1209,937,56.34,43.66,43.66
2491 吉祥全,2022,,,,60,40,40
2492 華新科,2022,5598,2777,2821,49.61,50.39,49.61
2495 普安,2022,397,275,122,69.27,30.73,30.73
2498 宏達電,2022,2173,1290,883,59.36,40.64,40.64
2501 國建,2022,1454,654,800,44.98,55.02,44.98
2504 國產,2022,629,506,123,80.45,19.55,19.55
2505 國揚,2022,76,36,40,47.37,52.63,47.37
2506 太設,2022,79,44,35,55.7,44.3,44.3
2509 全坤建,2022,54,24,30,44.44,55.56,44.44
2511 太子,2022,248,138,110,55.65,44.35,44.35
2514 龍邦,2022,24,9,15,37.5,62.5,37.5
2515 中工,2022,951,614,337,64.56,35.44,35.44
2516 新建,2022,406,299,107,73.65,26.35,26.35
2520 冠德,2022,95,59,36,62.11,37.89,37.89
2524 京城,2022,39,18,21,46.15,53.85,46.15
2527 宏璟,2022,152,90,62,59.21,40.79,40.79
2528 皇普,2022,38,14,24,36.84,63.16,36.84
2530 華建,2022,89,68,21,76.4,23.6,23.6
2534 宏盛,2022,85,48,37,56.47,43.53,43.53
2535 達欣工,2022,680,561,119,82.5,17.5,17.5
2536 宏普,2022,29,17,12,58.62,41.38,41.38
2537 聯上發,2022,34,14,20,41.18,58.82,41.18
2538 基泰,2022,46,20,26,43.48,56.52,43.48
2539 櫻花建,2022,74,54,20,72.97,27.03,27.03
2540 愛山林,2022,125,70,55,56,44,44
2542 興富發,2022,280,,,,,0
2543 皇昌,2022,620,494,126,79.68,20.32,20.32
2545 皇翔,2022,57,28,29,49.12,50.88,49.12
2546 根基,2022,903,684,219,75.75,24.25,24.25
2547 日勝生,2022,208,108,100,51.92,48.08,48.08
2548 華固,2022,149,97,52,65.1,34.9,34.9
2601 益航,2022,1202,525,677,43.68,56.32,43.68
2603 長榮,2022,3121,2042,1079,65.43,34.57,34.57
2605 新興,2022,296,278,18,93.92,6.08,6.08
2606 裕民,2022,1154,1100,54,95.32,4.68,4.68
2607 榮運,2022,1027,899,128,87.54,12.46,12.46
2608 嘉里大榮,2022,4339,3846,493,88.64,11.36,11.36
2609 陽明,2022,3186,2376,810,74.58,25.42,25.42
2610 華航,2022,12199,6168,6031,49.73,49.42,49.42
2612 中航,2022,,,,50,50,50
2614 東森,2022,1866,653,1213,34.99,65.01,34.99
2615 萬海,2022,4989,3392,1597,67.99,32.01,32.01
2617 台航,2022,206,157,49,76.21,23.79,23.79
2618 長榮航,2022,10665,3906,6759,36.62,63.38,36.62
2630 亞航,2022,1144,979,165,85.58,14.42,14.42
2633 台灣高鐵,2022,4678,3078,1600,65.8,34.2,34.2
2634 漢翔,2022,6875,5365,1510,78.04,21.96,21.96
2636 台驊控股,2022,1853,708,1145,38.21,61.79,38.21
2637 慧洋-KY,2022,164,59,105,35.98,64.02,35.98
2642 宅配通,2022,2163,1616,547,74.71,25.29,25.29
2701 萬企,2022,19,9,10,47.37,52.63,47.37
2704 國賓,2022,697,364,333,52.22,47.78,47.78
2705 六福,2022,,,,48,52,48
2706 第一店,2022,34,18,16,52.94,47.06,47.06
2707 晶華,2022,1060,509,551,48.02,51.98,48.02
2712 遠雄來,2022,319,153,166,47.96,52.04,47.96
2722 夏都,2022,420,202,218,48,52,48
2723 美食-KY,2022,1438,678,760,47.15,52.85,47.15
2727 王品,2022,9500,4689,4811,49.36,50.64,49.36
2739 寒舍,2022,1583,817,766,51.61,48.39,48.39
2748 雲品,2022,990,462,528,46.67,53.33,46.67
2753 八方雲集,2022,1230,686,544,55.77,44.23,44.23
2801 彰銀,2022,6678,2382,4296,35.67,64.33,35.67
2809 京城銀,2022,994,365,629,36.72,63.28,36.72
2812 台中銀,2022,2822,1238,1584,43.87,56.13,43.87
2816 旺旺保,2022,1110,503,607,45.32,54.68,45.32
2820 華票,2022,155,104,51,67.1,32.9,32.9
2832 台產,2022,909,395,514,43.45,56.55,43.45
2834 臺企銀,2022,5424,2430,2994,44.8,55.2,44.8
2836 高雄銀,2022,1075,521,554,48.47,51.53,48.47
2838 聯邦銀,2022,4251,1633,2618,38.41,61.59,38.41
2845 遠東銀,2022,2589,1034,1555,39.94,60.06,39.94
2849 安泰銀,2022,1516,600,916,39.58,60.42,39.58
2850 新產,2022,1615,898,717,55.6,44.4,44.4
2851 中再保,2022,169,63,106,37.28,62.72,37.28
2852 第一保,2022,856,449,407,52.45,47.55,47.55
2855 統一證,2022,1444,538,906,37.26,62.74,37.26
2867 三商壽,2022,11385,4276,7109,37.56,62.44,37.56
2880 華南金,2022,10626,4188,6438,39.41,60.59,39.41
2881 富邦金,2022,35655,13392,22263,37.56,62.44,37.56
2882 國泰金,2022,46091,14163,31928,30.73,69.27,30.73
2883 凱基金,2022,25907,9732,16175,37.57,62.43,37.57
2884 玉山金,2022,9109,4007,5102,43.99,56.01,43.99
2885 元大金,2022,14597,5985,8612,41,59,41
2886 兆豐金,2022,9709,3945,5764,40.63,59.37,40.63
2887 台新金,2022,11489,4536,6953,39.48,60.52,39.48
2888 新光金,2022,19455,5534,13921,28.45,71.55,28.45
2889 國票金,2022,1483,623,860,42.01,57.99,42.01
2890 永豐金,2022,9027,3486,5541,38.62,61.38,38.62
2891 中信金,2022,17599,7047,10552,40.04,59.96,40.04
2892 第一金,2022,10095,4033,6062,39.95,60.05,39.95
2897 王道銀行,2022,1085,551,534,50.78,49.22,49.22
2903 遠百,2022,3960,1685,2275,42.55,57.45,42.55
2905 三商,2022,9656,3918,5738,40.58,59.42,40.58
2906 高林,2022,271,45,226,16.61,83.39,16.61
2908 特力,2022,4415,1910,2505,43.26,56.74,43.26
2910 統領,2022,69,29,40,42,58,42
2912 統一超,2022,8617,3832,4785,44.47,55.53,44.47
2913 農林,2022,548,266,282,48.54,51.46,48.54
2915 潤泰全,2022,473,174,299,36.79,63.21,36.79
2923 鼎固-KY,2022,291,155,136,53.26,46.74,46.74
2945 三商家購,2022,3821,1520,2301,39.78,60.22,39.78
3002 歐格,2022,,,,37,63,37
3003 健和興,2022,712,410,302,57.58,42.42,42.42
3004 豐達科,2022,674,515,159,76.41,23.59,23.59
3005 神基,2022,8039,4823,3216,60,40,40
3006 晶豪科,2022,529,374,155,70.7,29.3,29.3
3008 大立光,2022,7391,3888,3503,52.6,47.4,47.4
3010 華立,2022,408,219,189,53.68,46.32,46.32
3011 今皓,2022,370,,,,,0
3013 晟銘電,2022,3946,2611,1335,66.17,33.83,33.83
3014 聯陽,2022,432,350,82,81.02,18.98,18.98
3015 全漢,2022,4539,1607,2932,35.4,64.6,35.4
3016 嘉晶,2022,734,455,279,61.99,38.01,38.01
3017 奇鋐,2022,9532,5496,4036,57.66,42.34,42.34
3019 亞光,2022,1012,515,497,50.89,49.11,49.11
3023 信邦,2022,4932,2944,1988,60,40,40
3024 憶聲,2022,77,43,34,55.84,44.16,44.16
3026 禾伸堂,2022,1016,446,570,43.9,56.1,43.9
3027 盛達,2022,175,98,77,56,44,44
3028 增你強,2022,369,177,192,47.97,52.03,47.97
3029 零壹,2022,,,,46,54,46
3030 德律,2022,598,507,91,84.78,15.22,15.22
3032 偉訓,2022,1823,972,851,53.32,46.68,46.68
3033 威健,2022,502,278,224,55.38,44.62,44.62
3034 聯詠,2022,2801,2356,445,84.11,15.89,15.89
3035 智原,2022,602,420,182,69.77,30.23,30.23
3036 文曄,2022,3547,2058,1489,58.02,41.98,41.98
3037 欣興,2022,28402,17253,11149,60.75,39.25,39.25
3038 全台,2022,1077,394,683,36.58,63.42,36.58
3042 晶技,2022,3377,1422,1955,42.11,57.89,42.11
3044 健鼎,2022,19193,12263,6930,63.89,36.11,36.11
3045 台灣大,2022,5869,2994,2875,51.01,48.99,48.99
3047 訊舟,2022,296,189,107,63.85,36.15,36.15
3048 益登,2022,506,296,210,58.5,41.5,41.5
3049 精金,2022,315,203,112,64.44,35.56,35.56
3050 鈺德,2022,207,112,95,54.11,45.89,45.89
3052 夆典,2022,149,95,54,63.76,36.24,36.24
3054 立萬利,2022,,,,46,54,46
3056 富華新,2022,124,76,48,61.29,38.71,38.71
3059 華晶科,2022,528,363,165,68.75,31.25,31.25
3062 建漢,2022,1231,707,524,57.43,42.57,42.57
3090 日電貿,2022,149,72,77,48.32,51.68,48.32
3092 鴻碩,2022,,,,74,26,26
3094 聯傑,2022,75,53,22,70.67,29.33,29.33
3130 一零四,2022,902,350,552,38.8,61.2,38.8
3138 耀登,2022,130,74,56,56.9,43.1,43.1
3149 正達,2022,472,287,185,60.81,39.19,39.19
3189 景碩,2022,6204,3679,2525,59.3,40.7,40.7
3209 全科,2022,237,127,110,53.59,46.41,46.41
3231 緯創,2022,51117,32372,18745,63.33,36.67,36.67
3257 虹冠電,2022,,,,52,48,48
3266 昇陽,2022,67,38,29,56.72,43.28,43.28
3311 閎暉,2022,,,,33.33,66.67,33.33
3356 奇偶,2022,,,,66,34,34
3376 新日興,2022,2161,1074,1087,49.7,50.3,49.7
3380 明泰,2022,3000,,,,,0
3406 玉晶光,2022,,,,59.75,40.25,40.25
3413 京鼎,2022,2860,2289,571,80.03,19.97,19.97
3416 融程電,2022,413,228,185,55.21,44.79,44.79
3432 台端,2022,,,,35,65,35
3437 榮創,2022,,,515,33.03,66.97,33.03
3443 創意,2022,851,612,239,71.92,28.08,28.08
3447 展達,2022,1611,582,1029,36.13,63.87,36.13
3454 晶睿,2022,1279,535,744,41.83,58.17,41.83
3481 群創,2022,42154,25018,17136,59.35,40.65,40.65
3504 揚明光,2022,2319,,,,,0
3515 華擎,2022,312,191,121,61.22,38.78,38.78
3518 柏騰,2022,,,,67,33,33
3532 台勝科,2022,1504,1428,76,94.95,5.05,5.05
3533 嘉澤,2022,8301,4873,3428,58.7,41.3,41.3
3545 敦泰,2022,420,344,76,81.9,17.62,17.62
3550 聯穎,2022,,,,57.78,42.22,42.22
3557 嘉威,2022,1070,571,499,53.36,46.64,46.64
3576 聯合再生,2022,1772,947,825,53.44,46.56,46.56
3591 艾笛森,2022,,,,48,52,48
3592 瑞鼎,2022,779,606,173,77.79,22.21,22.21
3596 智易,2022,5952,2982,2970,50.1,49.9,49.9
3605 宏致,2022,706,377,329,53.4,46.6,46.6
3607 谷崧,2022,,,,53.06,46.94,46.94
3645 達邁,2022,418,353,65,84.45,15.55,15.55
3652 精聯,2022,,,,65,35,35
3653 健策,2022,,,,58,42,42
3661 世芯-KY,2022,115,71,44,61.74,38.26,38.26
3665 貿聯-KY,2022,16008,7892,8116,49.3,50.7,49.3
3669 圓展,2022,531,303,228,57.06,42.94,42.94
3673 TPK-KY,2022,14880,9065,5815,60.92,39.08,39.08
3679 新至陞,2022,2127,990,1137,47,53,47
3694 海華,2022,,,,60,40,40
3701 大眾控,2022,412,231,181,56.06,43.94,43.94
3702 大聯大,2022,4913,2612,2301,53.17,46.83,46.83
3703 欣陸,2022,2163,1745,418,80.48,19.33,19.33
3704 合勤控,2022,3944,2234,1710,56.64,43.36,43.36
3705 永信,2022,1327,681,646,51.32,48.68,48.68
3706 神達,2022,6254,3808,2446,60.89,39.11,39.11
3708 上緯投控,2022,330,217,113,65.76,34.24,34.24
3711 日月光投控,2022,86347,45086,41261,52.16,47.74,47.74
3712 永崴投控,2022,2634,1648,986,62.57,37.43,37.43
3714 富采,2022,8343,3661,4682,43.88,56.12,43.88
3715 定穎投控,2022,4113,2418,1695,58.79,41.21,41.21
4104 佳醫,2022,204,99,105,48.29,51.22,48.78
4106 雃博,2022,670,,,,,0
4108 懷特,2022,,,,43,57,43
4133 亞諾法,2022,,,,41,59,41
4142 國光生,2022,572,314,258,54.9,45.1,45.1
4164 承業醫,2022,254,110,144,43.31,56.69,43.31
4190 佐登-KY,2022,,,,13.2,86.8,13.2
4306 炎洲,2022,1182,859,323,72.67,27.33,27.33
4414 如興,2022,19187,8535,10652,44.48,55.52,44.48
4438 廣越,2022,14557,2377,12180,16.33,83.67,16.33
4526 東台,2022,670,579,91,86.42,13.58,13.58
4532 瑞智,2022,313,237,76,75.72,24.28,24.28
4540 全球傳動,2022,1315,1069,246,81.29,18.71,18.71
4555 氣立,2022,214,129,85,60.28,39.72,39.72
4564 元翎,2022,,,,79.75,20.25,20.25
4566 時碩工業,2022,963,601,362,62.41,37.59,37.59
4576 大銀微系統,2022,620,445,175,71.7,28.3,28.3
4583 台灣精銳,2022,718,644,74,89.69,10.31,10.31
4720 德淵,2022,212,144,68,67.92,32.08,32.08
4722 國精化,2022,316,263,53,83.23,16.77,16.77
4737 華廣,2022,,,,33.8,66.2,33.8
4739 康普,2022,460,381,79,82.83,17.17,17.17
4746 台耀,2022,836,598,238,71.53,28.47,28.47
4755 三福化,2022,383,305,78,79.63,20.37,20.37
4763 材料-KY,2022,433,272,161,62.82,37.18,37.18
4764 雙鍵,2022,142,90,52,63.38,36.62,36.62
4766 南寶,2022,691,519,172,75.11,24.89,24.89
4770 上品,2022,470,287,183,61.06,38.94,38.94
4904 遠傳,2022,5737,2873,2864,50.08,49.92,49.92
4906 正文,2022,4749,2537,2212,53.42,46.58,46.58
4915 致伸,2022,11528,5999,5529,52.04,47.96,47.96
4919 新唐,2022,1535,873,662,56.87,43.13,43.13
4927 泰鼎-KY,2022,7417,3126,4291,42.15,57.85,42.15
4934 太極,2022,549,259,290,47.18,52.82,47.18
4935 茂林-KY,2022,,,,34.1,65.9,34.1
4938 和碩,2022,147362,99436,47926,67.48,32.52,32.52
4949 有成精密,2022,284,180,104,63.38,36.62,36.62
4952 凌通,2022,229,165,64,72.05,27.95,27.95
4958 臻鼎-KY,2022,39941,25618,14323,64.14,35.86,35.86
4960 誠美材,2022,1074,406,668,37.8,62.2,37.8
4961 天鈺,2022,589,459,130,77.93,22.07,22.07
4968 立積,2022,303,217,86,71.62,28.38,28.38
5007 三星,2022,1396,1034,362,74.07,25.93,25.93
5203 訊連,2022,,,,67.5,32.5,32.5
5222 全訊,2022,,,,43.8,56.2,43.8
5225 東科-KY,2022,,,,57,43,43
5234 達興材料,2022,392,283,109,72.19,27.81,27.81
5258 虹堡,2022,432,223,209,51.62,48.38,48.38
5269 祥碩,2022,271,213,58,78.6,21.4,21.4
5285 界霖,2022,331,188,143,56.8,43.2,43.2
5288 豐祥-KY,2022,5114,3701,1413,72.37,27.63,27.63
5306 桂盟,2022,208,94,114,45.19,54.81,45.19
5388 中磊,2022,5049,2762,2287,54.7,45.3,45.3
5434 崇越,2022,533,344,189,64.54,35.46,35.46
5469 瀚宇博,2022,682,415,267,60.85,39.15,39.15
5471 松翰,2022,446,313,133,70.18,29.82,29.82
5515 建國,2022,368,256,112,69.57,30.43,30.43
5519 隆大,2022,97,66,31,68.04,31.96,31.96
5521 工信,2022,176,120,56,68.18,31.82,31.82
5522 遠雄,2022,584,424,160,72.6,27.4,27.4
5525 順天,2022,54,20,34,37.04,62.96,37.04
5531 鄉林,2022,144,71,73,49.31,50.69,49.31
5533 皇鼎,2022,45,21,24,46.67,53.33,46.67
5534 長虹,2022,50,17,33,34,66,34
5538 東明-KY,2022,1158,777,381,67.1,32.9,32.9
5607 遠雄港,2022,677,512,165,75.63,24.37,24.37
5608 四維航,2022,707,656,51,92.79,7.21,7.21
5871 中租-KY,2022,9160,4786,4374,52.25,47.75,47.75
5876 上海商銀,2022,2857,1284,1573,44.94,55.06,44.94
5880 合庫金,2022,9642,3930,5712,40.76,59.24,40.76
5907 大洋-KY,2022,,,,43,57,43
6005 群益證,2022,1954,730,1224,37.36,62.64,37.36
6024 群益期,2022,304,159,145,52.3,47.7,47.7
6112 邁達特,2022,627,331,296,52.79,47.21,47.21
6116 彩晶,2022,3531,2081,1450,58.94,41.06,41.06
6117 迎廣,2022,722,436,286,60.39,39.61,39.61
6120 達運,2022,5444,3811,1633,70,30,30
6128 上福,2022,472,112,360,23.73,76.27,23.73
6136 富爾特,2022,,,,49.23,50.77,49.23
6139 亞翔,2022,493,346,147,70.18,29.82,29.82
6142 友勁,2022,613,244,369,39.8,60.2,39.8
6152 百一,2022,,,,70,30,30
6153 嘉聯益,2022,2725,1128,1597,41.39,58.61,41.39
6155 鈞寶,2022,,,,41.77,58.23,41.77
6166 凌華,2022,1127,638,489,56.61,43.39,43.39
6168 宏齊,2022,541,240,301,44.36,55.64,44.36
6176 瑞儀,2022,12217,8242,3975,67.46,32.54,32.54
6177 達麗,2022,213,130,83,61.03,38.97,38.97
6183 關貿,2022,668,382,286,57.19,42.81,42.81
6184 大豐電,2022,92,36,56,39.13,60.87,39.13
6189 豐藝,2022,392,189,203,48.21,51.79,48.21
6191 精成科,2022,7607,4587,3020,60.3,39.7,39.7
6196 帆宣,2022,735,541,194,73.6,26.4,26.4
6202 盛群,2022,436,336,100,77.06,22.94,22.94
6205 詮欣,2022,,,,44,56,44
6206 飛捷,2022,427,237,190,55.5,44.5,44.5
6213 聯茂,2022,3205,2126,1079,66.33,33.67,33.67
6214 精誠,2022,3867,2340,1527,60.51,39.49,39.49
6215 和椿,2022,199,,,,,0
6224 聚鼎,2022,277,184,93,66.43,33.57,33.57
6235 華孚,2022,,,,68,32,32
6239 力成,2022,13825,7354,6471,53.19,46.81,46.81
6243 迅杰,2022,69,47,22,68.12,31.88,31.88
6257 矽格,2022,2390,1266,1124,52.97,47.03,47.03
6269 台郡,2022,2558,1294,1264,50.59,49.41,49.41
6271 同欣電,2022,3653,1363,2290,37.3,62.67,37.33
6277 宏正,2022,728,388,340,53.3,46.7,46.7
6278 台表科,2022,5649,3343,2306,59.18,40.82,40.82
6282 康舒,2022,7340,3817,3523,50,48,48
6285 啟碁,2022,11656,6042,5614,51.84,48.16,48.16
6288 聯嘉,2022,1008,443,565,43.95,56.05,43.95
6409 旭隼,2022,3238,2081,1157,64.27,35.73,35.73
6412 群電,2022,8575,4369,4206,50.95,49.05,49.05
6414 樺漢,2022,191,114,77,59.69,40.31,40.31
6415 矽力*-KY,2022,1495,1074,421,71.84,28.16,28.16
6416 瑞祺電通,2022,263,140,123,53.23,46.77,46.77
6426 統新,2022,229,,,,,0
6438 迅得,2022,662,572,90,86.4,13.6,13.6
6442 光聖,2022,435,199,236,45.75,54.25,45.75
6443 元晶,2022,1883,1135,748,60.18,39.66,39.66
6446 藥華藥,2022,305,150,155,49.18,50.82,49.18
6449 鈺邦,2022,,,,52,48,48
6451 訊芯-KY,2022,1252,700,552,55.91,44.09,44.09
6456 GIS-KY,2022,13388,8297,5091,61.97,38.03,38.03
6464 台數科,2022,791,461,330,58.28,41.72,41.72
6472 保瑞,2022,886,424,462,47.86,52.14,47.86
6477 安集,2022,238,150,88,63.03,36.97,36.97
6491 晶碩,2022,1701,703,998,41.33,58.67,41.33
6505 台塑化,2022,5218,4735,483,90.74,9.26,9.26
6515 穎崴,2022,718,414,304,57.66,42.34,42.34
6525 捷敏-KY,2022,,,,52,48,48
6531 愛普*,2022,144,78,66,54.17,45.83,45.83
6533 晶心科,2022,323,270,53,83.59,16.41,16.41
6541 泰福-KY,2022,190,99,91,52.11,47.89,47.89
6550 北極星藥業-KY,2022,165,80,85,48.48,51.52,48.48
6552 易華電,2022,583,325,258,55.75,44.25,44.25
6558 興能高,2022,740,312,428,42.16,57.84,42.16
6573 虹揚-KY,2022,63,20,43,31.75,68.25,31.75
6579 研揚,2022,512,289,223,56.4,43.6,43.6
6581 鋼聯,2022,106,91,15,85.85,14.15,14.15
6582 申豐,2022,182,150,32,82.42,17.58,17.58
6585 鼎基,2022,610,484,126,79.34,20.66,20.66
6591 動力-KY,2022,,,,37.53,62.47,37.53
6592 和潤企業,2022,1093,432,661,39.52,60.48,39.52
6625 必應,2022,,,,55,45,45
6641 基士德-KY,2022,,,,64,36,36
6668 中揚光,2022,281,175,106,62.28,37.72,37.72
6669 緯穎,2022,6768,3916,2852,57.86,42.14,42.14
6670 復盛應用,2022,16227,,,,,0
6671 三能-KY,2022,,,,60,40,40
6674 鋐寶科技,2022,187,123,64,65.78,34.22,34.22
6689 伊雲谷,2022,383,192,191,50.13,49.87,49.87
6691 洋基工程,2022,455,316,139,69.32,30.68,30.68
6695 芯鼎,2022,,,,81,19,19
6706 惠特,2022,,,,55.85,44.15,44.15
6715 嘉基,2022,1021,484,537,47.4,52.6,47.4
6743 安普新,2022,,,,64,36,36
6754 匯僑設計,2022,618,321,297,51.94,48.06,48.06
6757 台灣虎航,2022,675,292,383,43.26,56.74,43.26
6768 志強-KY,2022,30696,7830,22866,25.51,74.49,25.51
6770 力積電,2022,8184,5021,3163,61.35,38.65,38.65
6781 AES-KY,2022,1236,754,482,61,39,39
6789 采鈺,2022,1445,810,635,56.06,43.94,43.94
6790 永豐實,2022,1293,893,400,69.06,30.94,30.94
6805 富世達,2022,837,484,353,57.83,42.17,42.17
6806 森崴能源,2022,119,76,43,63.87,36.13,36.13
6830 汎銓,2022,416,248,168,59.62,40.38,40.38
6835 圓裕,2022,601,225,376,37.44,62.56,37.44
6873 泓德能源,2022,154,84,70,54.55,45.45,45.45
6923 中台,2022,187,140,47,74.87,25.13,25.13
6928 攸泰科技,2022,315,171,144,54.29,45.71,45.71
6952 大武山,2022,184,95,89,51.63,48.37,48.37
6958 日盛台駿,2022,415,274,141,66.02,33.98,33.98
8011 台通,2022,,,,71.83,28.17,28.17
8016 矽創,2022,1082,714,368,65.99,34.01,34.01
8021 尖點,2022,685,419,266,61.17,38.83,38.83
8028 昇陽半導體,2022,1019,730,289,71.64,28.36,28.36
8039 台虹,2022,856,656,200,76.64,23.36,23.36
8046 南電,2022,6875,4572,2303,66.5,33.5,33.5
8070 長華*,2022,2282,1394,888,61.09,38.91,38.91
8081 致新,2022,,,,71,29,29
8103 瀚荃,2022,181,95,86,52.49,47.51,47.51
8105 凌巨,2022,2171,1192,979,54.91,45.09,45.09
8110 華東,2022,2271,1043,1228,45.93,54.07,45.93
8112 至上,2022,196,133,63,67.86,32.14,32.14
8114 振樺電,2022,308,134,174,43.51,56.49,43.51
8131 福懋科,2022,1948,1206,742,61.91,38.09,38.09
8150 南茂,2022,5295,2485,2810,46.93,53.07,46.93
8163 達方,2022,6130,3153,2977,51.44,48.56,48.56
8201 無敵,2022,92,48,44,52.17,47.83,47.83
8210 勤誠,2022,1903,1160,743,60.96,39.04,39.04
8213 志超,2022,3878,2191,1687,56.5,43.5,43.5
8215 明基材,2022,2603,1604,999,61.62,38.38,38.38
8249 菱光,2022,,,,59,41,41
8261 富鼎,2022,,,,41,59,41
8271 宇瞻,2022,575,263,312,45.74,54.26,45.74
8341 日友,2022,349,,,,,0
8367 建新國際,2022,466,297,169,63.73,36.27,36.27
8374 羅昇,2022,110,73,37,66.36,33.64,33.64
8404 百和興業-KY,2022,3987,1848,2139,46.35,53.65,46.35
8411 福貞-KY,2022,699,472,227,67.53,32.47,32.47
8422 可寧衛,2022,311,243,68,78.14,21.86,21.86
8443 阿瘦,2022,403,51,352,12.66,87.34,12.66
8454 富邦媒,2022,3035,1092,1943,35.98,64.02,35.98
8464 億豐,2022,11591,5796,5796,50,50,50
8467 波力-KY,2022,1057,510,547,48.25,51.75,48.25
8473 山林水,2022,746,561,185,75.2,24.8,24.8
8478 東哥遊艇,2022,715,598,117,83.64,16.35,16.35
8481 政伸,2022,,,,62.3,37.7,37.7
8499 鼎炫-KY,2022,,,,38,62,38
8926 台汽電,2022,130,89,41,68.46,31.54,31.54
8940 新天地,2022,342,183,159,53.51,46.49,46.49
8996 高力,2022,564,413,151,73.23,26.77,26.77
910322 康師傅-DR,2022,64302,42066,22236,65.42,34.58,34.58
9105 泰金寶-DR,2022,26816,12805,14011,47.75,52.25,47.75
9110 越南控-DR,2022,1155,919,236,79.57,20.43,20.43
911622 泰聚亨-DR,2022,884,593,291,67.08,32.92,32.92
911868 同方友友-DR,2022,557,241,316,43.27,56.73,43.27
912000 晨訊科-DR,2022,1088,670,418,61.58,38.42,38.42
9136 巨騰-DR,2022,16820,9423,7397,56.02,43.98,43.98
9802 鈺齊-KY,2022,17720,4742,12978,26.76,73.24,26.76
9902 台火,2022,,,,53.4,46.6,46.6
9904 寶成,2022,314352,70100,244252,22.3,77.7,22.3
9905 大華,2022,293,207,86,70.65,29.35,29.35
9907 統一實,2022,1115,1002,113,89.87,10.13,10.13
9908 大台北,2022,257,178,79,69.26,30.74,30.74
9910 豐泰,2022,140186,52384,87802,37.37,62.63,37.37
9911 櫻花,2022,1062,673,389,63.37,36.63,36.63
9912 偉聯,2022,,,,51,49,49
9914 美利達,2022,1347,970,377,72.01,27.99,27.99
9917 中保科,2022,2461,2008,453,81.59,18.41,18.41
9919 康那香,2022,,,,49.46,50.54,49.46
9921 巨大,2022,9836,6135,3701,62.37,37.63,37.63
9924 福興,2022,1205,543,662,45.06,54.94,45.06
9925 新保,2022,1740,1419,321,87.55,18.45,18.45
9926 新海,2022,166,121,45,72.89,27.11,27.11
9930 中聯資源,2022,271,249,22,91.88,8.12,8.12
9933 中鼎,2022,3034,2206,828,72.71,27.29,27.29
9934 成霖,2022,2169,1219,950,56.2,43.8,43.8
9937 全國,2022,2032,1247,785,61.37,38.63,38.63
9938 百和,2022,9528,4221,5307,44.3,55.7,44.3
9939 宏全,2022,1462,1122,340,76.74,23.26,23.26
9940 信義,2022,5764,2982,2782,51.73,48.27,48.27
9941 裕融,2022,734,271,463,37,63,37
9943 好樂迪,2022,,,,46.5,53.5,46.5
9945 潤泰新,2022,245,86,159,35.1,64.9,35.1
9946 三發地產,2022,93,53,40,56.99,43.01,43.01
9958 世紀鋼,2022,329,245,84,74.47,25.53,25.53
1101 台泥,2023,7182,5693,1489,79.27,20.73,20.73
1102 亞泥,2023,1712,1492,220,87.15,12.85,12.85
1103 嘉泥,2023,420,211,209,50.24,49.76,49.76
1104 環泥,2023,483,389,94,80.54,19.46,19.46
1108 幸福,2023,448,358,90,80,20,20
1109 信大,2023,341,313,28,91.79,8.21,8.21
1110 東泥,2023,51,38,13,74.51,25.49,25.49
1201 味全,2023,1427,914,513,64.05,35.95,35.95
1203 味王,2023,703,352,351,50.07,49.93,49.93
1210 大成,2023,3350,2182,1168,65.13,34.87,34.87
1213 大飲,2023,122,67,55,55,45,45
1215 卜蜂,2023,2383,1295,1088,54.34,45.66,45.66
1216 統一,2023,5742,3557,2185,61.95,38.05,38.05
1217 愛之味,2023,610,265,345,43.44,56.56,43.44
1218 泰山,2023,672,394,278,58.63,41.37,41.37
1219 福壽,2023,900,588,312,65.33,34.67,34.67
1220 台榮,2023,259,173,86,66.8,33.2,33.2
1225 福懋油,2023,241,140,101,58.09,41.91,41.91
1227 佳格,2023,1391,955,436,68.66,31.34,31.34
1229 聯華,2023,330,219,111,66.36,33.64,33.64
1231 聯華食,2023,2429,1110,1319,45.7,54.3,45.7
1232 大統益,2023,146,100,46,68.49,31.51,31.51
1233 天仁,2023,1414,526,888,37.2,62.8,37.2
1234 黑松,2023,561,392,169,69.88,30.12,30.12
1235 興泰,2023,16,9,7,56.25,43.75,43.75
1236 宏亞,2023,676,281,395,41.57,58.43,41.57
1256 鮮活果汁-KY,2023,1082,488,594,45.1,54.9,45.1
1301 台塑,2023,6393,5726,667,89.57,10.43,10.43
1303 南亞,2023,17658,14058,3600,79.61,20.39,20.39
1304 台聚,2023,452,420,32,92.92,7.08,7.08
1305 華夏,2023,859,773,86,89.99,10.01,10.01
1307 三芳,2023,577,481,96,83.36,16.64,16.64
1308 亞聚,2023,233,221,12,94.85,5.15,5.15
1309 台達化,2023,496,429,67,86.49,13.51,13.51
1310 台苯,2023,191,167,24,87.43,12.57,12.57
1312 國喬,2023,377,340,37,90.19,9.81,9.81
1313 聯成,2023,226,171,55,75.66,24.34,24.34
1314 中石化,2023,1160,958,202,82.59,17.41,17.41
1315 達新,2023,352,177,175,50.28,49.72,49.72
1316 上曜,2023,66,28,38,42.42,57.58,42.42
1319 東陽,2023,3669,2987,682,81.41,18.59,18.59
1321 大洋,2023,452,404,48,89.38,10.62,10.62
1323 永裕,2023,712,374,338,52.53,47.47,47.47
1326 台化,2023,5085,4393,692,86.39,13.61,13.61
1337 再生-KY,2023,545,398,147,73.03,26.97,26.97
1338 廣華-KY,2023,2314,1416,898,61.19,38.81,38.81
1402 遠東新,2023,19801,10099,9702,51,49,49
1409 新纖,2023,1940,1599,341,82.42,17.58,17.58
1413 宏洲,2023,218,167,51,76.61,23.39,23.39
1414 東和,2023,205,104,101,50.73,49.27,49.27
1416 廣豐,2023,119,65,54,55,45,45
1419 新紡,2023,579,215,364,37.13,62.87,37.13
1434 福懋,2023,7129,4214,2915,59.11,40.89,40.89
1437 勤益控,2023,16,4,12,25,75,25
1439 雋揚,2023,16,7,9,43.75,56.25,43.75
1440 南紡,2023,988,767,221,77.63,22.37,22.37
1442 名軒,2023,39,21,18,53.85,46.15,46.15
1444 力麗,2023,1029,681,348,66.18,33.82,33.82
1447 力鵬,2023,1297,818,479,63.07,36.93,36.93
1451 年興,2023,8503,2940,5563,34.58,65.42,34.58
1455 集盛,2023,1264,861,403,68.12,31.88,31.88
1457 宜進,2023,338,232,106,68.64,31.36,31.36
1459 聯發,2023,141,84,57,59.57,40.43,40.43
1460 宏遠,2023,4863,1362,3501,28.01,71.99,28.01
1464 得力,2023,815,362,453,44.42,55.58,44.42
1466 聚隆,2023,308,230,78,74.68,25.32,25.32
1467 南緯,2023,3262,619,2643,18.98,81.02,18.98
1472 三洋實業,2023,175,106,69,60.57,39.43,39.43
1473 台南,2023,11174,,,,,0
1474 弘裕,2023,458,229,229,50,50,50
1476 儒鴻,2023,18311,2645,15666,14.21,84.16,15.84
1477 聚陽,2023,37264,6838,30426,18.35,81.65,18.35
1503 士電,2023,2135,1501,634,70.3,29.7,29.7
1504 東元,2023,5896,4320,1576,73.27,26.73,26.73
1506 正道,2023,271,179,92,66.05,33.95,33.95
1513 中興電,2023,1899,1526,373,80.36,19.64,19.64
1514 亞力,2023,681,532,149,78.12,21.88,21.88
1515 力山,2023,818,545,273,66.63,33.37,33.37
1517 利奇,2023,581,250,331,43.03,56.97,43.03
1519 華城,2023,1088,850,238,78.13,21.88,21.88
1522 堤維西,2023,1649,1175,474,71.26,28.74,28.74
1525 江申,2023,327,270,57,82.57,17.43,17.43
1526 日馳,2023,166,101,65,60.84,39.16,39.16
1527 鑽全,2023,634,455,179,71.77,28.23,28.23
1529 樂事綠能,2023,82,,,,,0
1531 高林股,2023,464,324,140,69.83,30.17,30.17
1532 勤美,2023,1809,1412,397,78.05,21.95,21.95
1533 車王電,2023,864,381,483,44.1,55.9,44.1
1535 中宇,2023,1195,1022,173,85.52,14.48,14.48
1536 和大,2023,1041,831,210,79.83,20.17,20.17
1558 伸興,2023,2247,845,1402,37.61,62.39,37.61
1560 中砂,2023,1746,1126,620,64.49,35.51,35.51
1563 巧新,2023,1524,1314,210,86.22,13.78,13.78
1582 信錦,2023,221,150,71,68,32,32
1589 永冠-KY,2023,2246,1922,324,85.57,14.43,14.43
1590 亞德客-KY,2023,8966,6581,2385,73.4,26.6,26.6
1598 岱宇,2023,617,390,227,63.21,36.79,36.79
1604 聲寶,2023,1037,694,343,66.92,33.08,33.08
1605 華新,2023,10428,9170,1258,87.94,12.06,12.06
1608 華榮,2023,441,368,73,83.45,16.55,16.55
1609 大亞,2023,1584,1300,284,82.07,17.93,17.93
1611 中電,2023,104,,,,,0
1612 宏泰,2023,255,195,60,76.47,23.53,23.53
1614 三洋電,2023,1104,921,183,83.42,16.58,16.58
1626 艾美特-KY,2023,2360,1383,977,58.6,41.4,41.4
1702 南僑,2023,4986,2166,2820,43.44,56.56,43.44
1707 葡萄王,2023,698,330,368,47.28,52.72,47.28
1708 東鹼,2023,188,154,34,81.91,18.09,18.09
1709 和益,2023,317,277,40,87.38,12.62,12.62
1710 東聯,2023,392,349,43,89.03,10.97,10.97
1711 永光,2023,1830,1386,444,75.74,24.26,24.26
1712 興農,2023,1384,844,540,60.98,39.02,39.02
1713 國化,2023,88,79,9,89.77,10.23,10.23
1714 和桐,2023,108,73,35,67.59,32.41,32.41
1717 長興,2023,4653,3529,1124,75.84,24.16,24.16
1718 中纖,2023,506,426,80,84.19,15.81,15.81
1720 生達,2023,810,358,452,44.2,55.8,44.2
1721 三晃,2023,493,375,118,76.06,23.94,23.94
1722 台肥,2023,633,501,132,79.15,20.85,20.85
1723 中碳,2023,318,276,42,86.79,13.21,13.21
1725 元禎,2023,105,72,33,68.57,31.43,31.43
1726 永記,2023,727,569,158,78.27,21.73,21.73
1727 中華化,2023,253,198,55,78.26,21.74,21.74
1730 花仙子,2023,266,95,171,42.04,57.96,42.04
1731 美吾華,2023,192,50,142,26.04,73.96,26.04
1732 毛寶,2023,162,80,82,49.38,50.62,49.38
1733 五鼎,2023,708,185,523,26.13,73.87,26.13
1735 日勝化,2023,207,166,41,80.19,19.81,19.81
1736 喬山,2023,3316,2224,1092,67.07,32.93,32.93
1737 臺鹽,2023,479,278,201,58.04,41.96,41.96
1752 南光,2023,653,296,357,45.33,54.67,45.33
1760 寶齡富錦,2023,559,220,339,39.36,60.64,39.36
1762 中化生,2023,347,257,90,74.06,25.94,25.94
1773 勝一,2023,465,381,84,81.94,18.06,18.06
1776 展宇,2023,122,88,34,72.13,27.87,27.87
1789 神隆,2023,753,519,234,68.92,31.08,31.08
1795 美時,2023,1131,659,472,58.27,41.73,41.73
1802 台玻,2023,3817,3209,608,84.07,15.93,15.93
1806 冠軍,2023,706,549,157,77.76,22.24,22.24
1808 潤隆,2023,336,229,107,68.15,31.85,31.85
1810 和成,2023,995,777,218,78.09,21.91,21.91
1817 凱撒衛,2023,183,106,77,57.92,42.08,42.08
1903 士紙,2023,67,19,48,28.36,71.64,28.36
1904 正隆,2023,6751,5237,1514,77.57,22.43,22.43
1905 華紙,2023,2862,2437,425,85.15,14.85,14.85
1907 永豐餘,2023,10228,7733,2495,75.61,24.39,24.39
1909 榮成,2023,1059,896,163,84.61,15.39,15.39
2002 中鋼,2023,9621,9262,359,96.27,3.73,3.73
2006 東和鋼鐵,2023,2075,1894,181,91.28,8.72,8.72
2007 燁興,2023,446,396,50,88.79,11.21,11.21
2008 高興昌,2023,217,189,28,87.1,12.9,12.9
2009 第一銅,2023,228,205,23,89.91,10.09,10.09
2010 春源,2023,1098,933,165,84.97,15.03,15.03
2012 春雨,2023,515,396,119,76.89,30.05,30.05
2013 中鋼構,2023,459,392,67,85.4,14.6,14.6
2014 中鴻,2023,1092,989,103,90.57,9.43,9.43
2015 豐興,2023,959,908,51,94.68,5.32,5.32
2017 官田鋼,2023,290,226,64,77.93,22.07,22.07
2020 美亞,2023,326,267,59,81.9,18.1,18.1
2022 聚亨,2023,111,63,48,56.76,43.24,43.24
2023 燁輝,2023,1452,1299,153,89.46,10.54,10.54
2025 千興,2023,69,55,14,79.71,20.29,20.29
2027 大成鋼,2023,1035,807,228,77.97,22.03,22.03
2028 威致,2023,371,348,23,93.8,6.2,6.2
2029 盛餘,2023,505,443,62,87.72,12.28,12.28
2030 彰源,2023,601,512,89,85.19,14.81,14.81
2031 新光鋼,2023,279,220,59,78.85,21.15,21.15
2032 新鋼,2023,172,142,30,82.56,17.44,17.44
2034 允強,2023,786,678,108,86.26,13.74,13.74
2049 上銀,2023,4648,3927,721,84.49,15.51,15.51
2059 川湖,2023,1436,871,565,60.65,39.35,39.35
2062 橋椿,2023,966,639,327,66.15,33.85,33.85
2101 南港,2023,1931,1665,266,86.22,13.78,13.78
2102 泰豐,2023,56,43,13,76.79,23.21,23.21
2103 台橡,2023,1652,1380,272,83.54,16.46,16.46
2104 國際中橡,2023,1347,1111,236,82.48,17.52,17.52
2105 正新,2023,16560,12046,4514,72.74,27.26,27.26
2106 建大,2023,11097,8258,2839,74.42,25.58,25.58
2107 厚生,2023,194,147,47,75.77,24.23,24.23
2108 南帝,2023,276,267,9,90.82,3.06,3.06
2109 華豐,2023,543,358,185,65.93,34.07,34.07
2115 六暉-KY,2023,1255,777,478,61.91,38.09,38.09
2201 裕隆,2023,1136,1015,121,89.35,10.65,10.65
2204 中華,2023,2372,2058,314,86.76,13.24,13.24
2206 三陽工業,2023,2469,2156,313,87.32,12.68,12.68
2207 和泰車,2023,567,338,229,59.61,40.39,40.39
2208 台船,2023,2856,2659,197,93.1,6.9,6.9
2211 長榮鋼,2023,604,473,131,78.31,21.69,21.69
2227 裕日車,2023,382,272,110,71.2,28.8,28.8
2247 汎德永業,2023,1629,1087,542,66.73,33.27,33.27
2301 光寶科,2023,29567,16599,12968,56.14,43.86,43.86
2303 聯電,2023,19929,11711,8218,58.76,41.24,41.24
2305 全友,2023,88,55,33,62.5,37.5,37.5
2308 台達電,2023,81854,41973,39881,51.28,48.72,48.72
2312 金寶,2023,42673,19359,23314,45.37,54.63,45.37
2313 華通,2023,21762,13101,8661,60.2,39.8,39.8
2314 台揚,2023,610,336,274,55.08,44.92,44.92
2317 鴻海,2023,749039,438995,310044,58.61,41.39,41.39
2323 中環,2023,588,370,218,66.31,39.07,39.07
2324 仁寶,2023,47174,28982,18192,61.44,38.56,38.56
2327 國巨,2023,9477,4658,4819,49.15,50.85,49.15
2328 廣宇,2023,3210,1477,1733,46.01,53.99,46.01
2329 華泰,2023,5202,1927,3275,37.04,62.96,37.04
2330 台積電,2023,77045,50669,26376,65.77,34.23,34.23
2331 精英,2023,3317,1867,1450,56.29,43.71,43.71
2332 友訊,2023,518,279,239,53.86,46.14,46.14
2337 旺宏,2023,3836,2359,1477,61.5,38.5,38.5
2338 光罩,2023,468,258,210,55.13,44.87,44.87
2340 台亞,2023,876,404,472,46.12,53.88,46.12
2342 茂矽,2023,615,274,341,44.55,55.45,44.55
2344 華邦電,2023,4355,3081,1274,70.75,29.25,29.25
2345 智邦,2023,5004,2673,2331,53.42,46.58,46.58
2347 聯強,2023,1118,645,473,57.69,42.31,42.31
2348 海悅,2023,175,80,95,45.71,54.29,45.71
2349 錸德,2023,534,360,174,67.42,32.58,32.58
2351 順德,2023,1362,922,440,69.27,30.73,30.73
2352 佳世達,2023,7678,4957,2721,64.56,35.44,35.44
2353 宏碁,2023,7813,4837,2976,61.91,38.09,38.09
2354 鴻準,2023,6846,3656,3190,53.4,46.6,46.6
2355 敬鵬,2023,6495,3617,2878,55.69,44.31,44.31
2356 英業達,2023,18357,10630,7727,57.91,42.09,42.09
2357 華碩,2023,16277,9933,6344,61.02,38.98,38.98
2359 所羅門,2023,792,457,335,57.7,42.3,42.3
2360 致茂,2023,3466,2658,808,76.69,23.31,23.31
2362 藍天,2023,2129,1312,817,61.63,38.37,38.37
2363 矽統,2023,200,,,,,0
2364 倫飛,2023,192,81,111,42.19,57.81,42.19
2365 昆盈,2023,127,52,75,40.94,59.06,40.94
2367 燿華,2023,4548,2444,2104,53.74,46.26,46.26
2368 金像電,2023,6490,3878,2612,59.75,40.25,40.25
2369 菱生,2023,2375,1111,1264,46.78,53.22,46.78
2371 大同,2023,2485,1838,647,73.96,26.04,26.04
2373 震旦行,2023,972,686,286,70.58,29.42,29.42
2374 佳能,2023,1228,717,511,58.39,41.61,41.61
2376 技嘉,2023,6018,3577,2441,59.44,40.56,40.56
2377 微星,2023,3055,1879,1176,61.51,38.49,38.49
2379 瑞昱,2023,5209,4181,1028,80.26,19.74,19.74
2380 虹光,2023,373,220,153,58.98,41.02,41.02
2382 廣達,2023,51107,32535,18572,63.66,36.34,36.34
2383 台光電,2023,4297,3477,820,80.92,19.08,19.08
2385 群光,2023,18575,7899,10676,42.52,57.48,42.52
2387 精元,2023,9001,4646,4355,51.62,48.38,48.38
2388 威盛,2023,370,236,134,63.78,36.22,36.22
2392 正崴,2023,26381,15607,10774,59.16,40.84,40.84
2393 億光,2023,3841,2035,1806,52.98,47.02,47.02
2395 研華,2023,3588,1988,1600,55.41,44.59,44.59
2397 友通,2023,629,286,343,45.47,54.53,45.47
2399 映泰,2023,162,82,80,50.62,49.38,49.38
2401 凌陽,2023,340,226,114,66,34,34
2402 毅嘉,2023,2828,1578,1250,55.8,44.2,44.2
2404 漢唐,2023,841,648,193,77.05,22.95,22.95
2405 輔信,2023,173,103,70,59.54,40.46,40.46
2406 國碩,2023,188,128,60,68.09,31.91,31.91
2408 南亞科,2023,3647,2634,1013,72.22,27.78,27.78
2409 友達,2023,36745,24193,12552,65.84,34.16,34.16
2412 中華電,2023,20050,13988,6062,69.77,30.23,30.23
2413 環科,2023,764,341,423,44.63,55.37,44.63
2417 圓剛,2023,203,133,70,65.52,34.48,34.48
2419 仲琦,2023,920,506,414,55,45,45
2420 新巨,2023,872,440,432,50.46,49.54,49.54
2421 建準,2023,6383,3082,3301,48.28,51.72,48.28
2423 固緯,2023,394,264,130,67,33,33
2426 鼎元,2023,763,226,537,29.62,70.38,29.62
2427 三商電,2023,829,621,208,74.91,25.09,25.09
2428 興勤,2023,4088,2356,1732,57.63,42.37,42.37
2439 美律,2023,5963,2575,3388,43.18,56.82,43.18
2441 超豐,2023,4134,1882,2252,45.52,54.48,45.52
2442 新美齊,2023,71,46,25,64.79,35.21,35.21
2449 京元電子,2023,9444,5844,3600,61.88,38.12,38.12
2450 神腦,2023,2092,902,1190,43.12,56.88,43.12
2451 創見,2023,987,489,498,49.54,50.46,49.54
2453 凌群,2023,1266,872,394,68.88,31.12,31.12
2454 聯發科,2023,19104,15582,3522,81.56,18.44,18.44
2455 全新,2023,298,185,113,62.08,37.92,37.92
2457 飛宏,2023,4316,2312,2004,53.57,46.43,46.43
2458 義隆,2023,1071,658,413,61.44,38.56,38.56
2462 良得電,2023,46,28,18,60.87,39.13,39.13
2464 盟立,2023,1172,881,291,75.17,24.83,24.83
2465 麗臺,2023,400,224,176,56,44,44
2467 志聖,2023,383,297,86,77.55,22.45,22.45
2468 華經,2023,349,,,,,0
2474 可成,2023,2672,1712,960,64.07,35.93,35.93
2478 大毅,2023,760,440,320,57.89,42.11,42.11
2480 敦陽科,2023,700,485,215,69.29,30.71,30.71
2481 強茂,2023,1467,565,902,38.51,61.49,38.51
2483 百容,2023,632,252,380,39.87,60.13,39.87
2484 希華,2023,721,237,484,32.87,67.13,32.87
2485 兆赫,2023,1173,457,716,38.96,61.04,38.96
2486 一詮,2023,810,477,333,58.89,41.11,41.11
2488 漢平,2023,919,326,593,35.47,64.53,35.47
2489 瑞軒,2023,3709,2101,1608,56.65,43.35,43.35
2492 華新科,2023,7271,3481,3790,48.05,52.32,47.68
2493 揚博,2023,350,261,89,74.57,25.43,25.43
2495 普安,2023,410,283,127,69.02,30.98,30.98
2498 宏達電,2023,2079,1265,814,60.85,39.15,39.15
2501 國建,2023,2309,1165,1144,50.45,49.55,49.55
2504 國產,2023,632,507,125,80.22,19.78,19.78
2505 國揚,2023,76,35,41,46.05,53.95,46.05
2506 太設,2023,75,40,35,53.33,46.67,46.67
2509 全坤建,2023,60,28,32,46.67,53.33,46.67
2511 太子,2023,243,125,118,51.44,48.56,48.56
2514 龍邦,2023,26,14,12,53.85,46.15,46.15
2515 中工,2023,1763,1341,422,76.06,23.94,23.94
2516 新建,2023,426,287,139,67.37,32.63,32.63
2520 冠德,2023,100,60,40,60,40,40
2524 京城,2023,42,23,19,54.76,45.24,45.24
2527 宏璟,2023,145,83,62,57.24,42.76,42.76
2528 皇普,2023,35,11,24,31.43,68.57,31.43
2530 華建,2023,101,76,25,75.25,24.75,24.75
2534 宏盛,2023,77,41,36,53.25,46.75,46.75
2535 達欣工,2023,616,478,138,77.56,22.44,22.44
2536 宏普,2023,33,20,13,60.61,39.39,39.39
2537 聯上發,2023,33,14,19,42.42,57.58,42.42
2538 基泰,2023,7,4,3,57.14,42.86,42.86
2539 櫻花建,2023,76,56,20,73.68,26.32,26.32
2540 愛山林,2023,333,240,93,72.07,27.93,27.93
2542 興富發,2023,278,123,155,44.24,55.76,44.24
2543 皇昌,2023,1607,1466,141,91.23,8.77,8.77
2545 皇翔,2023,156,94,62,60.26,39.74,39.74
2546 根基,2023,979,755,224,77.12,22.88,22.88
2547 日勝生,2023,833,384,449,46.1,53.9,46.1
2548 華固,2023,147,95,52,64.63,35.37,35.37
2597 潤弘,2023,1016,821,195,80.81,19.19,19.19
2601 益航,2023,1089,475,614,43.62,56.38,43.62
2603 長榮,2023,3107,2007,1100,64.6,35.4,35.4
2605 新興,2023,299,281,18,93.98,6.02,6.02
2606 裕民,2023,1204,700,504,58.1,41.9,41.9
2607 榮運,2023,1046,914,132,87.38,12.62,12.62
2608 嘉里大榮,2023,4289,3758,531,87.62,12.38,12.38
2609 陽明,2023,3357,2549,808,75.93,24.07,24.07
2610 華航,2023,12143,5969,6174,49.16,50.84,49.16
2612 中航,2023,314,220,94,70.06,29.94,29.94
2614 東森,2023,1822,639,1183,35.07,64.93,35.07
2615 萬海,2023,5230,3617,1613,69.16,30.84,30.84
2617 台航,2023,240,193,47,80.42,19.58,19.58
2618 長榮航,2023,11247,4162,7085,37.01,62.99,37.01
2630 亞航,2023,1147,980,167,85.44,14.56,14.56
2633 台灣高鐵,2023,4746,3111,1635,65.55,34.45,34.45
2634 漢翔,2023,6758,5272,1486,78.01,21.99,21.99
2636 台驊控股,2023,1758,681,1077,38.74,61.26,38.74
2637 慧洋-KY,2023,166,59,107,35.54,64.46,35.54
2642 宅配通,2023,2130,1582,548,74.27,25.73,25.73
2645 長榮航太,2023,2981,2796,185,93.79,6.21,6.21
2701 萬企,2023,22,11,11,50,50,50
2704 國賓,2023,472,251,221,53.18,46.82,46.82
2706 第一店,2023,32,17,15,53.13,46.88,46.88
2707 晶華,2023,2115,967,1148,45.72,54.28,45.72
2712 遠雄來,2023,342,168,174,49.12,50.88,49.12
2722 夏都,2023,386,177,209,45.85,54.15,45.85
2723 美食-KY,2023,1403,722,681,51.46,48.54,48.54
2727 王品,2023,10836,5202,5634,48.01,51.99,48.01
2731 雄獅,2023,1691,416,1275,24.6,75.4,24.6
2739 寒舍,2023,1594,813,781,51,49,49
2748 雲品,2023,1553,763,790,49.13,50.87,49.13
2753 八方雲集,2023,1298,709,589,54.62,45.38,45.38
2762 世界健身-KY,2023,5919,3732,2187,63.1,36.9,36.9
2801 彰銀,2023,6693,2384,4309,35.62,64.38,35.62
2809 京城銀,2023,1591,623,968,35.64,64.36,35.64
2812 台中銀,2023,2902,1273,1629,43.87,56.13,43.87
2816 旺旺保,2023,1106,495,611,44.76,55.24,44.76
2820 華票,2023,156,105,51,67.31,32.69,32.69
2832 台產,2023,912,393,519,43.09,56.91,43.09
2834 臺企銀,2023,5548,2440,3108,43.98,56.02,43.98
2836 高雄銀,2023,1100,515,585,46.82,53.18,46.82
2838 聯邦銀,2023,4316,1627,2689,37.7,62.3,37.7
2845 遠東銀,2023,2583,1040,1543,40.26,59.74,40.26
2849 安泰銀,2023,1492,587,905,39.34,60.66,39.34
2850 新產,2023,1537,861,676,56.02,43.98,43.98
2851 中再保,2023,180,68,112,37.78,62.22,37.78
2852 第一保,2023,856,438,418,51.17,48.83,48.83
2855 統一證,2023,1412,540,872,38.24,61.76,38.24
2867 三商壽,2023,10818,4071,6747,37.63,62.37,37.63
2880 華南金,2023,11136,4401,6735,39.52,60.48,39.52
2881 富邦金,2023,37829,14239,23590,37.64,62.36,37.64
2882 國泰金,2023,45303,14000,31303,30.9,69.1,30.9
2883 凱基金,2023,25216,9332,15884,37.01,62.99,37.01
2884 玉山金,2023,9115,3968,5147,43.53,56.47,43.53
2885 元大金,2023,14815,6048,8767,40.82,59.18,40.82
2886 兆豐金,2023,9890,4038,5852,40.83,59.17,40.83
2887 台新金,2023,11808,4662,7146,39.48,60.52,39.48
2888 新光金,2023,18668,5234,13434,28.04,71.96,28.04
2889 國票金,2023,1565,663,902,42.36,57.64,42.36
2890 永豐金,2023,9376,3676,5700,39.21,60.79,39.21
2891 中信金,2023,18483,7418,11065,40.13,59.87,40.13
2892 第一金,2023,10305,4138,6167,40.16,59.84,40.16
2897 王道銀行,2023,1186,622,564,52.45,47.55,47.55
2903 遠百,2023,1282,470,812,36.66,63.34,36.66
2905 三商,2023,10026,4104,5922,40.93,59.07,40.93
2906 高林,2023,346,70,276,20.23,79.77,20.23
2908 特力,2023,3922,1726,2196,44.01,55.99,44.01
2910 統領,2023,68,26,42,38.24,61.76,38.24
2912 統一超,2023,8651,3777,4874,43.66,56.34,43.66
2913 農林,2023,364,155,209,42.58,57.42,42.58
2915 潤泰全,2023,530,180,350,33.96,66.04,33.96
2923 鼎固-KY,2023,259,132,127,50.97,49.03,49.03
2945 三商家購,2023,3800,1516,2284,39.89,60.11,39.89
3003 健和興,2023,719,407,312,56.61,43.39,43.39
3004 豐達科,2023,709,540,169,76.16,23.84,23.84
3005 神基,2023,7975,4715,3260,59.12,40.88,40.88
3006 晶豪科,2023,569,407,162,71.53,28.47,28.47
3008 大立光,2023,7730,3995,3735,51.68,48.32,48.32
3010 華立,2023,402,211,191,52.49,47.51,47.51
3011 今皓,2023,543,,,,,0
3013 晟銘電,2023,3633,2137,1496,58.82,41.18,41.18
3014 聯陽,2023,439,357,82,81.32,18.68,18.68
3015 全漢,2023,4359,1605,2754,36.82,63.18,36.82
3016 嘉晶,2023,703,445,258,63.3,36.7,36.7
3017 奇鋐,2023,10732,6156,4576,57.36,42.64,42.64
3019 亞光,2023,977,508,469,52,48,48
3021 鴻名,2023,172,126,46,73.26,26.74,26.74
3022 威強電,2023,1211,687,524,56.73,43.27,43.27
3023 信邦,2023,5166,1951,3215,37.77,62.23,37.77
3024 憶聲,2023,76,46,30,60.53,39.47,39.47
3026 禾伸堂,2023,981,433,548,44.14,55.86,44.14
3027 盛達,2023,215,121,94,56.28,43.72,43.72
3028 增你強,2023,372,180,192,48.39,51.61,48.39
3030 德律,2023,602,510,92,84.72,15.28,15.28
3031 佰鴻,2023,,,,42,58,42
3032 偉訓,2023,2141,1112,1029,51.94,48.06,48.06
3033 威健,2023,488,268,220,54.92,45.08,45.08
3034 聯詠,2023,2981,2507,474,84.1,15.9,15.9
3035 智原,2023,615,425,190,69.11,30.89,30.89
3036 文曄,2023,3463,2034,1429,58.74,41.26,41.26
3037 欣興,2023,27185,16391,10794,60.29,39.71,39.71
3038 全台,2023,1033,373,660,36.11,63.89,36.11
3042 晶技,2023,3423,1481,1942,43.27,56.73,43.27
3044 健鼎,2023,22523,14027,8496,62.28,37.72,37.72
3045 台灣大,2023,5991,3093,2898,51.63,48.37,48.37
3047 訊舟,2023,309,206,103,66.67,33.33,33.33
3048 益登,2023,472,279,193,59.11,40.89,40.89
3049 精金,2023,278,172,106,61.87,38.13,38.13
3052 夆典,2023,216,131,85,60.65,39.35,39.35
3054 立萬利,2023,29,12,17,41.38,58.62,41.38
3056 富華新,2023,123,81,42,65.85,34.15,34.15
3059 華晶科,2023,456,323,133,70.83,29.17,29.17
3062 建漢,2023,899,506,393,56.28,43.72,43.72
3090 日電貿,2023,149,71,78,47.65,52.35,47.65
3094 聯傑,2023,74,51,23,68.92,31.08,31.08
3130 一零四,2023,938,370,568,39.45,60.55,39.45
3138 耀登,2023,135,79,56,58.52,41.48,41.48
3149 正達,2023,412,246,166,59.71,40.29,40.29
3189 景碩,2023,5561,3350,2211,60.24,39.76,39.76
3209 全科,2023,242,132,110,54.55,45.45,45.45
3231 緯創,2023,42091,26574,15517,63.13,36.87,36.87
3266 昇陽,2023,70,41,29,58.57,41.43,41.43
3312 弘憶股,2023,217,110,107,50.69,49.31,49.31
3356 奇偶,2023,156,103,53,66.03,33.97,33.97
3376 新日興,2023,3561,1577,1984,44.29,55.71,44.29
3380 明泰,2023,2800,1484,1316,53,47,47
3413 京鼎,2023,2630,2048,582,77.87,22.13,22.13
3416 融程電,2023,422,235,187,55.69,44.31,44.31
3419 譁裕,2023,244,130,114,53.28,46.72,46.72
3443 創意,2023,885,636,249,71.86,28.14,28.14
3454 晶睿,2023,1176,565,611,48.04,51.96,48.04
3481 群創,2023,36322,22361,13961,61.56,38.44,38.44
3504 揚明光,2023,1760,1121,639,63.69,36.31,36.31
3515 華擎,2023,319,193,126,60.5,39.5,39.5
3532 台勝科,2023,1483,1405,78,94.74,5.26,5.26
3533 嘉澤,2023,8182,4967,3215,60.71,39.29,39.29
3545 敦泰,2023,806,647,159,80.27,19.73,19.73
3557 嘉威,2023,1028,545,483,53.02,46.98,46.98
3563 牧德,2023,259,202,57,78,22,22
3576 聯合再生,2023,1252,713,539,56.95,43.05,43.05
3583 辛耘,2023,679,486,193,71.58,28.42,28.42
3592 瑞鼎,2023,845,662,183,78.34,21.66,21.66
3596 智易,2023,5254,2658,2596,50.59,49.41,49.41
3605 宏致,2023,3425,1672,1753,48.82,51.18,48.82
3617 碩天,2023,371,246,125,66.31,33.69,33.69
3645 達邁,2023,383,328,55,85.64,16.77,16.77
3653 健策,2023,1755,1036,719,59.03,40.97,40.97
3661 世芯-KY,2023,128,82,46,64.06,35.94,35.94
3665 貿聯-KY,2023,14478,7094,7384,49,51,49
3669 圓展,2023,560,326,234,58.21,41.79,41.79
3673 TPK-KY,2023,12744,7624,5120,59.82,40.18,40.18
3679 新至陞,2023,2442,1166,1276,47.75,52.25,47.75
3701 大眾控,2023,509,282,227,55.4,44.6,44.6
3702 大聯大,2023,4817,2545,2272,52.83,47.17,47.17
3703 欣陸,2023,2510,2017,493,80.36,19.64,19.64
3704 合勤控,2023,3893,2200,1693,56.51,43.49,43.49
3705 永信,2023,1685,852,833,50.56,49.44,49.44
3706 神達,2023,5877,3496,2381,59.49,40.51,40.51
3708 上緯投控,2023,345,222,123,64.35,35.65,35.65
3711 日月光投控,2023,83229,43811,39418,52.64,47.36,47.36
3712 永崴投控,2023,2235,1400,835,62.64,37.36,37.36
3714 富采,2023,9119,5425,3694,59.49,40.51,40.51
3715 定穎投控,2023,4809,3090,1719,64.25,35.75,35.75
4104 佳醫,2023,215,107,108,49.77,50.23,49.77
4106 雃博,2023,623,,,,,0
4119 旭富,2023,254,206,48,81.1,18.9,18.9
4137 麗豐-KY,2023,864,229,635,26.5,73.5,26.5
4142 國光生,2023,527,297,230,56.36,43.64,43.64
4164 承業醫,2023,274,150,124,54.74,45.26,45.26
4306 炎洲,2023,1213,878,335,72.38,27.62,27.62
4414 如興,2023,15701,6663,9038,42.44,57.56,42.44
4426 利勤,2023,630,319,311,50.63,49.37,49.37
4438 廣越,2023,13410,2035,11375,15.18,84.82,15.18
4526 東台,2023,655,567,88,86.56,13.44,13.44
4532 瑞智,2023,310,235,75,75.81,24.19,24.19
4540 全球傳動,2023,880,689,191,78.3,21.7,21.7
4551 智伸科,2023,2445,1534,911,62.74,37.26,37.26
4555 氣立,2023,184,106,78,57.61,42.39,42.39
4564 元翎,2023,231,187,44,80.95,19.05,19.05
4566 時碩工業,2023,933,587,346,62.92,37.08,37.08
4576 大銀微系統,2023,551,390,161,70.8,29.2,29.2
4583 台灣精銳,2023,698,627,71,89.83,10.17,10.17
4720 德淵,2023,204,137,67,67.16,32.84,32.84
4722 國精化,2023,318,264,54,83,17,17
4739 康普,2023,431,357,74,82.83,17.17,17.17
4746 台耀,2023,902,624,278,69.18,30.82,30.82
4755 三福化,2023,366,292,74,79.78,20.22,20.22
4763 材料-KY,2023,522,317,205,60.73,39.27,39.27
4764 雙鍵,2023,169,116,53,68.64,31.36,31.36
4766 南寶,2023,695,514,181,73.96,26.04,26.04
4770 上品,2023,458,287,171,62.66,37.34,37.34
4904 遠傳,2023,5466,2807,2659,51.35,48.65,48.65
4906 正文,2023,4348,2386,1962,54.88,45.12,45.12
4915 致伸,2023,9873,4973,4900,50.37,49.63,49.63
4919 新唐,2023,3658,2711,947,74.11,25.89,25.89
4927 泰鼎-KY,2023,7515,3247,4268,43.21,56.79,43.21
4934 太極,2023,463,220,243,47.52,52.48,47.52
4938 和碩,2023,98202,61463,36739,62.59,37.41,37.41
4949 有成精密,2023,361,242,119,67.04,32.96,32.96
4952 凌通,2023,229,164,65,71.62,28.38,28.38
4958 臻鼎-KY,2023,46693,30932,15761,66.25,33.75,33.75
4960 誠美材,2023,1721,1079,642,62.7,37.3,37.3
4961 天鈺,2023,579,452,127,78.07,21.93,21.93
4968 立積,2023,303,224,79,73.93,26.07,26.07
4994 傳奇,2023,328,191,137,58.23,41.77,41.77
5007 三星,2023,1415,1049,366,74.13,25.87,25.87
5203 訊連,2023,495,318,177,64.2,35.8,35.8
5234 達興材料,2023,430,302,128,70.23,29.77,29.77
5258 虹堡,2023,554,271,283,48.92,51.08,48.92
5269 祥碩,2023,294,226,68,76.87,23.13,23.13
5285 界霖,2023,311,176,135,56.59,43.41,43.41
5288 豐祥-KY,2023,4619,3285,1334,71.12,28.88,28.88
5306 桂盟,2023,204,97,107,47.55,52.45,47.55
5388 中磊,2023,6218,3149,3069,50.64,49.36,49.36
5434 崇越,2023,518,326,192,62.93,37.07,37.07
5469 瀚宇博,2023,6976,4538,2438,65.05,34.95,34.95
5471 松翰,2023,468,333,135,71.15,28.85,28.85
5515 建國,2023,367,250,117,68.12,31.88,31.88
5519 隆大,2023,99,66,33,66.67,33.33,33.33
5521 工信,2023,220,142,78,64.55,35.45,35.45
5522 遠雄,2023,583,411,172,70.5,29.5,29.5
5525 順天,2023,57,20,37,35.09,64.91,35.09
5531 鄉林,2023,143,70,73,48.95,51.05,48.95
5533 皇鼎,2023,42,23,19,54.76,45.24,45.24
5534 長虹,2023,51,17,34,33.33,66.67,33.33
5538 東明-KY,2023,1128,764,364,67.73,32.27,32.27
5607 遠雄港,2023,652,494,158,75.77,24.23,24.23
5608 四維航,2023,614,563,51,91.69,8.31,8.31
5871 中租-KY,2023,10053,5224,4829,51.96,48.04,48.04
5876 上海商銀,2023,2931,1292,1639,44.08,55.92,44.08
5880 合庫金,2023,9687,3941,5746,40.68,59.32,40.68
6005 群益證,2023,1847,682,1165,36.92,63.08,36.92
6024 群益期,2023,315,168,147,53.33,46.67,46.67
6112 邁達特,2023,671,338,333,50.37,49.63,49.63
6116 彩晶,2023,3496,2055,1441,58.78,41.22,41.22
6117 迎廣,2023,801,493,308,61.55,38.45,38.45
6120 達運,2023,6301,4291,2010,68.1,31.9,31.9
6128 上福,2023,467,117,350,25.05,74.95,25.05
6139 亞翔,2023,484,335,149,69.21,30.79,30.79
6142 友勁,2023,434,196,238,45.16,54.84,45.16
6153 嘉聯益,2023,1919,763,1156,39.76,60.24,39.76
6166 凌華,2023,1147,645,502,56.23,43.77,43.77
6168 宏齊,2023,510,234,276,46.8,35.2,35.2
6176 瑞儀,2023,12219,8275,3944,67.72,32.28,32.28
6177 達麗,2023,226,142,84,62.83,37.17,37.17
6183 關貿,2023,672,385,287,57.29,42.71,42.71
6184 大豐電,2023,88,33,55,37.5,62.5,37.5
6189 豐藝,2023,530,269,261,50.75,49.25,49.25
6191 精成科,2023,6814,4044,2770,59.35,40.65,40.65
6196 帆宣,2023,765,557,208,72.81,27.19,27.19
6202 盛群,2023,416,317,99,76.2,23.8,23.8
6205 詮欣,2023,176,79,97,44.89,55.11,44.89
6206 飛捷,2023,406,224,182,55.17,44.83,44.83
6213 聯茂,2023,2951,1958,993,66.35,33.65,33.65
6214 精誠,2023,4077,2438,1639,59.8,40.2,40.2
6215 和椿,2023,166,,,,,0
6224 聚鼎,2023,234,150,84,64.1,35.9,35.9
6239 力成,2023,10994,5732,5262,52.14,47.86,47.86
6243 迅杰,2023,69,47,22,68.12,31.88,31.88
6257 矽格,2023,2245,1180,1065,52.56,47.44,47.44
6269 台郡,2023,2499,1252,1247,50.1,49.9,49.9
6271 同欣電,2023,3196,1284,1912,40.18,59.82,40.18
6277 宏正,2023,727,390,337,54,46,46
6278 台表科,2023,5315,3190,2125,60.02,39.98,39.98
6281 全國電,2023,1672,1104,568,66,34,34
6282 康舒,2023,5961,3240,2721,54.35,45.65,45.65
6285 啟碁,2023,11686,5741,5945,49.13,50.87,49.13
6288 聯嘉,2023,1109,516,593,46.53,53.47,46.53
6409 旭隼,2023,3210,2071,1139,64.52,35.48,35.48
6412 群電,2023,9021,4845,4176,53.71,46.29,46.29
6414 樺漢,2023,189,109,80,57.67,42.33,42.33
6415 矽力*-KY,2023,1720,1241,479,72.15,27.85,27.85
6416 瑞祺電通,2023,279,151,128,54.12,45.88,45.88
6426 統新,2023,228,,,,,0
6438 迅得,2023,664,567,97,85.39,14.61,14.61
6442 光聖,2023,427,189,238,44.26,55.74,44.26
6443 元晶,2023,1657,1013,644,61.13,38.87,38.87
6446 藥華藥,2023,515,262,253,50.87,49.13,49.13
6451 訊芯-KY,2023,1386,803,583,57.94,42.06,42.06
6456 GIS-KY,2023,8807,5370,3437,60.97,39.03,39.03
6464 台數科,2023,778,442,336,56.81,43.19,43.19
6472 保瑞,2023,1001,495,506,49.45,50.55,49.45
6477 安集,2023,198,133,65,67.17,32.83,32.83
6491 晶碩,2023,1714,692,1022,40.37,59.63,40.37
6505 台塑化,2023,5208,4695,513,90.15,9.85,9.85
6515 穎崴,2023,880,497,383,56.48,43.52,43.52
6531 愛普*,2023,197,111,86,56.35,43.65,43.65
6533 晶心科,2023,401,334,67,83.29,16.71,16.71
6550 北極星藥業-KY,2023,224,109,115,48.66,51.34,48.66
6552 易華電,2023,625,358,267,57.28,42.72,42.72
6558 興能高,2023,498,248,250,49.8,50.2,49.8
6573 虹揚-KY,2023,329,95,234,28.88,71.12,28.88
6579 研揚,2023,528,303,225,57.39,42.61,42.61
6581 鋼聯,2023,107,91,16,85.05,14.95,14.95
6582 申豐,2023,174,140,34,80.46,19.54,19.54
6585 鼎基,2023,605,482,123,79.67,20.33,20.33
6592 和潤企業,2023,1183,476,707,40.24,59.76,40.24
6605 帝寶,2023,3022,1852,1170,61.28,38.72,38.72
6641 基士德-KY,2023,465,284,181,61.08,38.92,38.92
6668 中揚光,2023,255,159,96,62.36,37.64,37.64
6669 緯穎,2023,7257,4223,3034,58.19,41.81,41.81
6670 復盛應用,2023,13221,7648,5573,57.85,42.15,42.15
6674 鋐寶科技,2023,154,104,50,67.53,32.47,32.47
6689 伊雲谷,2023,628,355,273,56.53,43.47,43.47
6691 洋基工程,2023,481,335,146,69.65,30.35,30.35
6715 嘉基,2023,759,343,416,45.19,54.81,45.19
6742 澤米,2023,260,120,140,46.15,53.85,46.15
6743 安普新,2023,2472,1118,1354,45.23,54.77,45.23
6754 匯僑設計,2023,623,320,303,51.36,48.64,48.64
6757 台灣虎航,2023,810,337,473,41.6,58.4,41.6
6768 志強-KY,2023,26829,6609,20220,24.63,75.37,24.63
6770 力積電,2023,8197,5048,3149,61.58,38.42,38.42
6781 AES-KY,2023,897,564,333,62.88,37.12,37.12
6789 采鈺,2023,1387,775,612,55.88,44.12,44.12
6790 永豐實,2023,1265,885,380,69.96,30.04,30.04
6805 富世達,2023,1112,635,477,57.1,42.9,42.9
6806 森崴能源,2023,116,75,41,64.66,35.34,35.34
6830 汎銓,2023,515,319,196,61.94,38.06,38.06
6835 圓裕,2023,591,210,381,35.53,64.47,35.53
6861 睿生光電,2023,365,181,184,49.59,50.41,49.59
6863 永道-KY,2023,679,397,282,58.47,41.53,41.53
6869 雲豹能源,2023,118,61,57,51.69,48.31,48.31
6873 泓德能源,2023,182,93,89,51.1,48.9,48.9
6901 鑽石投資,2023,21,9,12,42.86,57.14,42.86
6923 中台,2023,191,148,43,77.49,22.51,22.51
6928 攸泰科技,2023,395,225,170,56.96,43.04,43.04
6952 大武山,2023,185,93,92,50.27,49.73,49.73
6958 日盛台駿,2023,631,371,260,58.8,41.2,41.2
8016 矽創,2023,1196,798,398,66.72,33.28,33.28
8021 尖點,2023,633,393,240,62.09,37.91,37.91
8028 昇陽半導體,2023,858,618,240,72.03,27.97,27.97
8039 台虹,2023,803,604,199,75.22,24.78,24.78
8046 南電,2023,6494,4330,2164,66.68,33.32,33.32
8070 長華*,2023,2207,1343,864,60.85,39.15,39.15
8103 瀚荃,2023,1219,546,673,44.79,55.21,44.79
8105 凌巨,2023,1590,887,703,55.79,44.21,44.21
8110 華東,2023,1827,876,951,47.95,52.05,47.95
8112 至上,2023,198,138,60,69.7,30.3,30.3
8114 振樺電,2023,972,479,493,49.28,50.72,49.28
8131 福懋科,2023,2317,1206,1111,52.05,47.95,47.95
8150 南茂,2023,5410,2551,2859,47.15,52.85,47.15
8163 達方,2023,6413,3285,3128,51.22,48.78,48.78
8201 無敵,2023,86,46,40,53.49,46.51,46.51
8210 勤誠,2023,1556,980,576,62.98,37.02,37.02
8213 志超,2023,3880,2211,1669,56.98,43.02,43.02
8215 明基材,2023,2851,1778,1073,62.36,37.64,37.64
8249 菱光,2023,65,34,31,52.31,47.69,47.69
8271 宇瞻,2023,605,280,325,46.28,53.72,46.28
8341 日友,2023,362,290,72,80.11,19.89,19.89
8367 建新國際,2023,459,285,174,62.09,37.91,37.91
8374 羅昇,2023,118,78,40,66.1,33.9,33.9
8404 百和興業-KY,2023,3785,1761,2024,46.53,53.47,46.53
8411 福貞-KY,2023,992,638,354,64.31,35.69,35.69
8422 可寧衛,2023,350,279,71,79.71,20.29,20.29
8442 威宏-KY,2023,7960,,,,,0
8443 阿瘦,2023,420,51,369,12.14,87.86,12.14
8454 富邦媒,2023,2995,1093,1902,36.49,63.51,36.49
8463 潤泰材,2023,289,233,56,80.62,19.38,19.38
8464 億豐,2023,11922,5961,5961,50,50,50
8466 美吉吉-KY,2023,850,,,,,0
8467 波力-KY,2023,998,464,534,46.49,53.51,46.49
8473 山林水,2023,652,479,173,73.47,26.53,26.53
8476 台境*,2023,131,89,42,60.14,28.38,28.38
8478 東哥遊艇,2023,722,604,118,83.66,16.34,16.34
8481 政伸,2023,238,145,93,60.92,39.08,39.08
8926 台汽電,2023,126,84,42,66.67,33.33,33.33
8940 新天地,2023,381,197,184,51.71,48.29,48.29
8996 高力,2023,641,482,159,75.2,24.8,24.8
9136 巨騰-DR,2023,16357,9112,7245,55.71,44.29,44.29
9802 鈺齊-KY,2023,18757,4456,14301,23.76,76.24,23.76
9904 寶成,2023,268690,60724,207966,22.6,77.4,22.6
9905 大華,2023,272,194,78,71.32,28.68,28.68
9907 統一實,2023,1110,997,113,89.82,10.18,10.18
9908 大台北,2023,242,157,85,64.88,35.12,35.12
9910 豐泰,2023,135246,50736,84510,37.51,62.49,37.51
9911 櫻花,2023,1066,682,384,63.98,36.02,36.02
9914 美利達,2023,1138,778,360,68.37,31.63,31.63
9917 中保科,2023,2496,2025,471,81.13,18.87,18.87
9919 康那香,2023,602,325,277,53.99,46.01,46.01
9921 巨大,2023,10138,6653,3485,65.62,34.38,34.38
9924 福興,2023,1200,552,648,46,54,46
9925 新保,2023,1767,1428,339,80.81,19.19,19.19
9926 新海,2023,166,122,44,73.49,26.51,26.51
9930 中聯資源,2023,278,254,24,91.37,8.63,8.63
9933 中鼎,2023,3444,2458,986,71.37,28.63,28.63
9934 成霖,2023,2021,1130,891,55.91,44.09,44.09
9935 慶豐富,2023,536,202,334,37.69,62.31,37.69
9937 全國,2023,2063,1284,779,62.24,37.76,37.76
9938 百和,2023,5285,2277,3008,43.08,56.92,43.08
9939 宏全,2023,1509,1158,351,76.74,23.26,23.26
9940 信義,2023,4899,2871,2028,58.6,41.4,41.4
9941 裕融,2023,697,249,448,35.72,64.28,35.72
9943 好樂迪,2023,1307,592,715,45.29,54.71,45.29
9944 新麗,2023,255,168,87,65.88,34.12,34.12
9945 潤泰新,2023,1737,1220,517,70.24,29.76,29.76
9946 三發地產,2023,97,50,47,51.55,48.45,48.45
9958 世紀鋼,2023,380,284,96,74.74,25.26,25.26
